Organism Scientific Name	Organism Common Name	Organism Qualifier	Taxonomy id	Assembly Name	Assembly Accession	Source	Annotation	Level	Contig N50	Size	Submission Date	Gene Count	BioProject	BioSample
Borreliella burgdorferi B31		strain: B31	224326	ASM868v2	GCF_000008685.2	RefSeq	GCF_000008685.2-RS_2025_04_23	Complete Genome	910724	1521208	2011-11-09	1565	PRJNA3	SAMN02603966
Borreliella burgdorferi ZS7		strain: ZS7	445985	ASM2140v1	GCF_000021405.1	RefSeq	GCF_000021405.1-RS_2025_03_20	Complete Genome	906707	1345494	2008-12-17	1364	PRJNA19839	SAMN02603438
Borreliella afzelii PKo		strain: PKo	390236	ASM16559v2	GCF_000165595.2	RefSeq	GCF_000165595.2-RS_2025_08_18	Chromosome	905394	1232503	2006-07-31	1223	PRJNA17057	SAMN02641500
Borreliella burgdorferi N40		strain: N40	521007	ASM16663v1	GCF_000166635.1	RefSeq	GCF_000166635.1-RS_2025_03_27	Complete Genome	902191	1339539	2010-11-16	1351	PRJNA29357	SAMN02604202
Borreliella burgdorferi JD1		strain: JD1	521008	ASM16665v1	GCF_000166655.1	RefSeq	GCF_000166655.1-RS_2025_03_27	Complete Genome	922801	1531091	2010-11-16	1587	PRJNA29359	SAMN02604203
Borreliella afzelii ACA-1		strain: ACA-1	445986	ASM17093v2	GCF_000170935.2	RefSeq	GCF_000170935.2-RS_2025_09_06	Contig	436767	1353819	2008-12-09	1382	PRJNA19841	SAMN02436235
Borreliella valaisiana VS116		strain: VS116	445987	ASM17095v2	GCF_000170955.2	RefSeq	GCF_000170955.2-RS_2025_12_10	Complete Genome	913294	1258864	2009-03-04	1264	PRJNA19843	SAMN02436326
Borreliella burgdorferi 118a		strain: 118a	476210	ASM17173v2	GCF_000171735.2	RefSeq	GCF_000171735.2-RS_2025_03_21	Contig	85309	1453013	2009-03-23	1512	PRJNA21001	SAMN02436228
Borreliella burgdorferi 72a		strain: 72a	476211	ASM17175v2	GCF_000171755.2	RefSeq	GCF_000171755.2-RS_2026_03_03	Contig	170907	1267789	2009-01-23	1309	PRJNA21003	SAMN02436171
Borreliella garinii PBr		strain: PBr	498743	ASM17227v2	GCF_000172275.2	RefSeq	GCF_000172275.2-RS_2026_03_03	Contig	287391	1265591	2009-01-07	1247	PRJNA28625	SAMN02436232
Borreliella burgdorferi 29805		strain: 29805	498738	ASM17229v2	GCF_000172295.2	RefSeq	GCF_000172295.2-RS_2025_03_21	Contig	35743	1344204	2009-04-01	1374	PRJNA28621	SAMN02436321
Borreliella burgdorferi CA-11.2A		strain: CA-11.2A	498739	ASM17231v2	GCF_000172315.2	RefSeq	GCF_000172315.2-RS_2025_03_21	Contig	83077	1294354	2009-03-05	1314	PRJNA28629	SAMN02436176
Borreliella burgdorferi 64b		strain: 64b	498740	ASM17233v2	GCF_000172335.2	RefSeq	GCF_000172335.2-RS_2025_03_21	Contig	169176	1485884	2009-02-20	1524	PRJNA28633	SAMN02436287
Borreliella garinii Far04		strain: Far04	519049	ASM17259v2	GCF_000172595.4	RefSeq	GCF_000172595.4-RS_2024_09_03	Contig	43592	1127440	2009-01-07	1118	PRJNA29573	SAMN02436278
Borreliella burgdorferi 156a		strain: 156a	445983	ASM18155v2	GCF_000181555.2	RefSeq	GCF_000181555.2-RS_2024_04_04	Scaffold	908814	1469834	2009-01-07	1492	PRJNA19835	SAMN02436325
Borreliella burgdorferi Bol26		strain: Bol26	445984	ASM18157v2	GCF_000181575.2	RefSeq	GCF_000181575.2-RS_2025_04_04	Scaffold	170966	1321434	2009-04-01	1357	PRJNA19837	SAMN02436166
Borreliella burgdorferi 94a		strain: 94a	476212	ASM18171v2	GCF_000181715.2	RefSeq	GCF_000181715.2-RS_2025_04_04	Scaffold	169491	1295451	2009-03-23	1310	PRJNA20999	SAMN02436324
Borreliella burgdorferi WI91-23		strain: WI91-23	498737	ASM18185v2	GCF_000181855.2	RefSeq	GCF_000181855.2-RS_2026_03_02	Scaffold	36967	1427907	2009-03-05	1478	PRJNA28627	SAMN02436285
Borreliella finlandensis		strain: SV1	498741	ASM18187v2	GCF_000181875.2	RefSeq	GCF_000181875.2-RS_2025_05_01	Scaffold	179974	1281782	2009-03-23	1312	PRJNA28631	SAMN02436286
Borreliella spielmanii A14S		strain: A14S	498742	ASM18189v2	GCF_000181895.2	RefSeq	GCF_000181895.2-RS_2025_04_04	Scaffold	178845	1252559	2009-03-04	1254	PRJNA28635	SAMN02436233
Borreliella bavariensis PBi		strain: PBi	290434	ASM19621v1	GCF_000196215.1	RefSeq	GCF_000196215.1-RS_2025_09_16	Complete Genome	904246	986914	2004-08-30	961	PRJNA12554	SAMN02603240
Borreliella bissettiae DN127		strain: DN127	521010	ASM22230v1	GCF_000222305.1	RefSeq	GCF_000222305.1-RS_2026_01_15	Complete Genome	900755	1403443	2011-08-01	1453	PRJNA29363	SAMN02604204
Borreliella afzelii PKo		strain: PKo	390236	ASM22283v1	GCF_000222835.1	RefSeq	GCF_000222835.1-RS_2025_04_08	Complete Genome	903609	1404288	2011-08-05	1444	PRJNA68149	SAMN02604205
Borreliella garinii BgVir		strain: BgVir	1081646	ASM23947v1	GCF_000239475.1	RefSeq	GCF_000239475.1-RS_2026_02_06	Complete Genome	905534	993811	2011-12-22	960	PRJNA72847	SAMN02603389
Borreliella garinii NMJW1		strain: NMJW1	1234596	ASM30004v1	GCF_000300045.1	RefSeq	GCF_000300045.1-RS_2025_12_12	Complete Genome	902789	902789	2012-09-28	855	PRJNA175615	SAMN02603884
Borreliella burgdorferi CA8		strain: CA8	747491	ASM38256v1	GCF_000382565.1	RefSeq	GCF_000382565.1-RS_2025_04_24	Contig	190374	903130	2013-04-25	857	PRJNA46689	SAMN02471616
Borreliella burgdorferi CA382		strain: CA382	1328311	ASM44446v1	GCF_000444465.1	RefSeq	GCF_000444465.1-RS_2025_04_24	Complete Genome	910736	910736	2013-08-06	858	PRJNA200089	SAMN02604148
Borreliella garinii IPT108		strain: IPT108	1408841	BorGarIPT108	GCF_000501735.1	RefSeq	GCF_000501735.1-RS_2025_07_17	Contig	61557	1238446	2013-12-03	1267	PRJNA223339	SAMN02378808
Borreliella garinii SZ		strain: SZ	1421551	ASM69154v1	GCF_000691545.1	RefSeq	GCF_000691545.1-RS_2026_01_12	Complete Genome	902487	902487	2014-05-15	854	PRJNA230868	SAMN02402355
Borreliella garinii		strain: 935	29519	935T	GCF_000714705.1	RefSeq	GCF_000714705.1-RS_2026_01_15	Contig	918136	1176739	2014-06-27	1149	PRJNA243977	SAMN02725527
Borreliella valaisiana Tom4006		strain: Tom4006	1398491	ASM73947v1	GCF_000739475.1	RefSeq	GCF_000739475.1-RS_2026_02_04	Complete Genome	912160	992695	2014-08-14	953	PRJNA218504	SAMN02374895
Borreliella afzelii Tom3107		strain: Tom3107	1398490	ASM74100v1	GCF_000741005.1	RefSeq	GCF_000741005.1-RS_2025_12_09	Complete Genome	905861	987652	2014-08-18	949	PRJNA218503	SAMN02378865
Borreliella afzelii K78		strain: K78	411555	ASM96277v1	GCF_000962775.1	RefSeq	GCF_000962775.1-RS_2025_09_06	Complete Genome	905949	1309078	2015-03-25	1309	PRJNA158661	SAMN03024677
Borreliella afzelii		strain: BO23	29518	ASM190086v1	GCF_001900865.1	RefSeq	GCF_001900865.1-RS_2025_09_06	Chromosome	905394	1259498	2016-12-09	1276	PRJNA350557	SAMN05941949
Borreliella garinii		isolate: 20047, strain: CIP 103362	29519	ASM192254v1	GCF_001922545.1	RefSeq	GCF_001922545.1-RS_2025_12_23	Complete Genome	905638	1156110	2016-12-21	1154	PRJNA350560	SAMN05941958
Borreliella mayonii		strain: MN14-1539	1674146	ASM193629v1	GCF_001936295.1	RefSeq	GCF_001936295.1-RS_2025_03_30	Complete Genome	904387	1302058	2017-01-05	1310	PRJNA321302	SAMN04979182
Borreliella mayonii		strain: MN14-1420	1674146	ASM194566v1	GCF_001945665.1	RefSeq	GCF_001945665.1-RS_2025_03_28	Complete Genome	904387	1311545	2017-01-11	1331	PRJNA321302	SAMN04979181
Borreliella burgdorferi	Lyme disease spirochete	strain: FDAARGOS_196	139	ASM208305v2	GCF_002083055.2	RefSeq	GCF_002083055.2-RS_2025_03_16	Contig	911226	1340423	2018-01-19	1395	PRJNA231221	SAMN04875533
Borreliella burgdorferi	Lyme disease spirochete	strain: PAbe	139	ASM215148v1	GCF_002151485.1	RefSeq	GCF_002151485.1-RS_2026_02_16	Complete Genome	910728	1301554	2017-05-19	1337	PRJNA270494	SAMN03269134
Borreliella burgdorferi	Lyme disease spirochete	isolate: B31, strain: B31_NRZ	139	ASM215150v1	GCF_002151505.1	RefSeq	GCF_002151505.1-RS_2025_04_22	Complete Genome	909921	1341182	2017-05-19	1378	PRJNA270494	SAMN06324250
Borreliella burgdorferi	Lyme disease spirochete	strain: Bb16-93	139	ASM299586v1	GCF_002995865.1	RefSeq	GCF_002995865.1-RS_2026_02_19	Contig	902774	1326773	2018-03-14	1343	PRJNA416494	SAMN08049249
Borreliella burgdorferi	Lyme disease spirochete	strain: Bb16-60-1	139	ASM299588v1	GCF_002995885.1	RefSeq	GCF_002995885.1-RS_2026_02_19	Contig	912332	1306795	2018-03-14	1341	PRJNA416494	SAMN08049240
Borreliella burgdorferi	Lyme disease spirochete	strain: Bb16-49	139	ASM299590v1	GCF_002995905.1	RefSeq	GCF_002995905.1-RS_2026_02_19	Contig	909772	1308429	2018-03-14	1344	PRJNA416494	SAMN08049234
Borreliella burgdorferi	Lyme disease spirochete	strain: Bb16-71-2	139	ASM299591v1	GCF_002995915.1	RefSeq	GCF_002995915.1-RS_2026_02_19	Contig	899098	1309226	2018-03-14	1321	PRJNA416494	SAMN08049243
Borreliella burgdorferi	Lyme disease spirochete	strain: Bb16-66	139	ASM299593v1	GCF_002995935.1	RefSeq	GCF_002995935.1-RS_2026_02_19	Contig	902716	1273931	2018-03-14	1285	PRJNA416494	SAMN08049242
Borreliella burgdorferi	Lyme disease spirochete	strain: Bb16-54	139	ASM299596v1	GCF_002995965.1	RefSeq	GCF_002995965.1-RS_2026_02_19	Contig	903176	1310911	2018-03-14	1332	PRJNA416494	SAMN08049236
Borreliella burgdorferi	Lyme disease spirochete	strain: Bb16-250	139	ASM299598v1	GCF_002995985.1	RefSeq	GCF_002995985.1-RS_2026_02_19	Contig	902872	1294902	2018-03-14	1299	PRJNA416494	SAMN08049230
Borreliella burgdorferi	Lyme disease spirochete	strain: Bb16-47	139	ASM299600v1	GCF_002996005.1	RefSeq	GCF_002996005.1-RS_2026_02_19	Contig	909965	1312590	2018-03-14	1334	PRJNA416494	SAMN08049233
Borreliella burgdorferi	Lyme disease spirochete	strain: Bb16-268	139	ASM299602v1	GCF_002996025.1	RefSeq	GCF_002996025.1-RS_2026_02_19	Contig	909876	1245126	2018-03-14	1274	PRJNA416494	SAMN08049231
Borreliella burgdorferi	Lyme disease spirochete	strain: Bb16-249	139	ASM299604v1	GCF_002996045.1	RefSeq	GCF_002996045.1-RS_2026_02_19	Contig	906016	1339285	2018-03-14	1372	PRJNA416494	SAMN08049229
Borreliella burgdorferi	Lyme disease spirochete	strain: Bb16-198	139	ASM299606v1	GCF_002996065.1	RefSeq	GCF_002996065.1-RS_2026_02_19	Contig	903037	1335326	2018-03-14	1375	PRJNA416494	SAMN08049227
Borreliella burgdorferi	Lyme disease spirochete	strain: Bb16-193-2	139	ASM299608v1	GCF_002996085.1	RefSeq	GCF_002996085.1-RS_2026_02_19	Contig	902543	1347410	2018-03-14	1388	PRJNA416494	SAMN08049226
Borreliella burgdorferi	Lyme disease spirochete	strain: Bb16-178-2	139	ASM299610v1	GCF_002996105.1	RefSeq	GCF_002996105.1-RS_2026_02_19	Contig	903046	1272906	2018-03-14	1272	PRJNA416494	SAMN08049219
Borreliella burgdorferi	Lyme disease spirochete	strain: Bb16-182	139	ASM299612v1	GCF_002996125.1	RefSeq	GCF_002996125.1-RS_2026_02_19	Contig	909674	1329776	2018-03-14	1355	PRJNA416494	SAMN08049221
Borreliella burgdorferi	Lyme disease spirochete	strain: Bb16-175	139	ASM299614v1	GCF_002996145.1	RefSeq	GCF_002996145.1-RS_2026_02_19	Contig	903144	1327503	2018-03-14	1364	PRJNA416494	SAMN08049217
Borreliella burgdorferi	Lyme disease spirochete	strain: Bb16-174	139	ASM299616v1	GCF_002996165.1	RefSeq	GCF_002996165.1-RS_2026_02_19	Contig	910083	1257349	2018-03-14	1268	PRJNA416494	SAMN08049216
Borreliella burgdorferi	Lyme disease spirochete	strain: Bb16-163	139	ASM299617v1	GCF_002996175.1	RefSeq	GCF_002996175.1-RS_2026_02_19	Contig	910351	1386092	2018-03-14	1427	PRJNA416494	SAMN08049212
Borreliella burgdorferi	Lyme disease spirochete	strain: Bb16-170	139	ASM299618v1	GCF_002996185.1	RefSeq	GCF_002996185.1-RS_2026_02_19	Contig	903062	1328922	2018-03-14	1366	PRJNA416494	SAMN08049215
Borreliella burgdorferi	Lyme disease spirochete	strain: Bb16-149	139	ASM299622v1	GCF_002996225.1	RefSeq	GCF_002996225.1-RS_2026_02_19	Contig	903159	1330081	2018-03-14	1361	PRJNA416494	SAMN08049210
Borreliella burgdorferi	Lyme disease spirochete	strain: Bb16-145	139	ASM299624v1	GCF_002996245.1	RefSeq	GCF_002996245.1-RS_2026_02_19	Contig	902450	1319731	2018-03-14	1333	PRJNA416494	SAMN08049208
Borreliella burgdorferi	Lyme disease spirochete	strain: Bb16-135	139	ASM299626v1	GCF_002996265.1	RefSeq	GCF_002996265.1-RS_2026_02_19	Contig	910205	1282451	2018-03-14	1315	PRJNA416494	SAMN08049203
Borreliella burgdorferi	Lyme disease spirochete	strain: Bb16-142	139	ASM299627v1	GCF_002996275.1	RefSeq	GCF_002996275.1-RS_2026_02_19	Contig	907013	1312984	2018-03-14	1349	PRJNA416494	SAMN08049207
Borreliella burgdorferi	Lyme disease spirochete	strain: Bb16-139	139	ASM299628v1	GCF_002996285.1	RefSeq	GCF_002996285.1-RS_2026_02_19	Contig	902881	1296554	2018-03-14	1307	PRJNA416494	SAMN08049206
Borreliella burgdorferi	Lyme disease spirochete	strain: Bb16-133	139	ASM299630v1	GCF_002996305.1	RefSeq	GCF_002996305.1-RS_2026_02_19	Contig	902882	1274264	2018-03-14	1296	PRJNA416494	SAMN08049201
Borreliella burgdorferi	Lyme disease spirochete	strain: Bb16-130	139	ASM299634v1	GCF_002996345.1	RefSeq	GCF_002996345.1-RS_2026_02_19	Contig	902435	1246332	2018-03-14	1262	PRJNA416494	SAMN08049199
Borreliella burgdorferi	Lyme disease spirochete	strain: Bb16-128	139	ASM299636v1	GCF_002996365.1	RefSeq	GCF_002996365.1-RS_2026_02_19	Contig	902646	1278399	2018-03-14	1301	PRJNA416494	SAMN08049198
Borreliella burgdorferi	Lyme disease spirochete	strain: Bb16-122	139	ASM299638v1	GCF_002996385.1	RefSeq	GCF_002996385.1-RS_2026_02_19	Contig	909992	1335473	2018-03-14	1354	PRJNA416494	SAMN08049196
Borreliella burgdorferi	Lyme disease spirochete	strain: Bb16-112	139	ASM299639v1	GCF_002996395.1	RefSeq	GCF_002996395.1-RS_2026_02_19	Contig	902747	1286661	2018-03-14	1294	PRJNA416494	SAMN08049195
Borreliella burgdorferi	Lyme disease spirochete	strain: Bb16-110	139	ASM299640v1	GCF_002996405.1	RefSeq	GCF_002996405.1-RS_2026_02_19	Contig	902945	1280782	2018-03-14	1291	PRJNA416494	SAMN08049193
Borreliella burgdorferi	Lyme disease spirochete	strain: Bb16-111	139	ASM299644v1	GCF_002996445.1	RefSeq	GCF_002996445.1-RS_2026_02_19	Contig	903043	1300242	2018-03-14	1331	PRJNA416494	SAMN08049194
Borreliella burgdorferi	Lyme disease spirochete	strain: Bb16-90-2	139	ASM299646v1	GCF_002996465.1	RefSeq	GCF_002996465.1-RS_2026_02_19	Contig	899030	1294356	2018-03-14	1317	PRJNA416494	SAMN08049248
Borreliella burgdorferi	Lyme disease spirochete	strain: Bb16-87	139	ASM299647v1	GCF_002996475.1	RefSeq	GCF_002996475.1-RS_2026_02_19	Contig	905868	1259056	2018-03-14	1277	PRJNA416494	SAMN08049247
Borreliella burgdorferi	Lyme disease spirochete	strain: Bb16-85	139	ASM299648v1	GCF_002996485.1	RefSeq	GCF_002996485.1-RS_2026_02_19	Contig	902830	1308265	2018-03-14	1317	PRJNA416494	SAMN08049246
Borreliella burgdorferi	Lyme disease spirochete	strain: Bb16-105	139	ASM299652v1	GCF_002996525.1	RefSeq	GCF_002996525.1-RS_2026_02_19	Contig	909754	1294380	2018-03-14	1317	PRJNA416494	SAMN08049192
Borreliella burgdorferi	Lyme disease spirochete	strain: Bb16-80	139	ASM299654v1	GCF_002996545.1	RefSeq	GCF_002996545.1-RS_2026_02_19	Contig	909757	1335835	2018-03-14	1363	PRJNA416494	SAMN08049245
Borreliella burgdorferi	Lyme disease spirochete	strain: Bb16-74-1	139	ASM299656v1	GCF_002996565.1	RefSeq	GCF_002996565.1-RS_2026_02_19	Contig	910366	1323861	2018-03-14	1368	PRJNA416494	SAMN08049244
Borreliella burgdorferi	Lyme disease spirochete	strain: Bb16-62	139	ASM299658v1	GCF_002996585.1	RefSeq	GCF_002996585.1-RS_2026_02_19	Contig	900013	1293476	2018-03-14	1312	PRJNA416494	SAMN08049241
Borreliella burgdorferi	Lyme disease spirochete	strain: Bb16-59-1	139	ASM299660v1	GCF_002996605.1	RefSeq	GCF_002996605.1-RS_2026_02_19	Contig	909679	1359823	2018-03-14	1399	PRJNA416494	SAMN08049239
Borreliella burgdorferi	Lyme disease spirochete	strain: Bb16-57-1	139	ASM299662v1	GCF_002996625.1	RefSeq	GCF_002996625.1-RS_2026_02_19	Contig	912601	1295810	2018-03-14	1322	PRJNA416494	SAMN08049238
Borreliella burgdorferi	Lyme disease spirochete	strain: Bb16-55-1	139	ASM299664v1	GCF_002996645.1	RefSeq	GCF_002996645.1-RS_2026_02_19	Contig	910063	1291088	2018-03-14	1316	PRJNA416494	SAMN08049237
Borreliella burgdorferi	Lyme disease spirochete	strain: Bb16-52	139	ASM299668v1	GCF_002996685.1	RefSeq	GCF_002996685.1-RS_2026_02_19	Contig	902473	1298715	2018-03-14	1309	PRJNA416494	SAMN08049235
Borreliella burgdorferi	Lyme disease spirochete	strain: Bb16-33-3	139	ASM299670v1	GCF_002996705.1	RefSeq	GCF_002996705.1-RS_2026_02_19	Contig	902806	1250952	2018-03-14	1240	PRJNA416494	SAMN08049232
Borreliella burgdorferi	Lyme disease spirochete	strain: Bb16-202	139	ASM299671v1	GCF_002996715.1	RefSeq	GCF_002996715.1-RS_2026_02_19	Contig	902430	1343160	2018-03-14	1377	PRJNA416494	SAMN08049228
Borreliella burgdorferi	Lyme disease spirochete	strain: Bb16-188	139	ASM299674v1	GCF_002996745.1	RefSeq	GCF_002996745.1-RS_2026_02_19	Contig	902869	1316839	2018-03-14	1353	PRJNA416494	SAMN08049225
Borreliella burgdorferi	Lyme disease spirochete	strain: Bb16-186	139	ASM299678v1	GCF_002996785.1	RefSeq	GCF_002996785.1-RS_2026_02_19	Contig	902759	1299537	2018-03-14	1328	PRJNA416494	SAMN08049224
Borreliella burgdorferi	Lyme disease spirochete	strain: Bb16-184	139	ASM299679v1	GCF_002996795.1	RefSeq	GCF_002996795.1-RS_2026_02_19	Contig	903198	1341302	2018-03-14	1374	PRJNA416494	SAMN08049223
Borreliella burgdorferi	Lyme disease spirochete	strain: Bb16-183	139	ASM299684v1	GCF_002996845.1	RefSeq	GCF_002996845.1-RS_2026_02_19	Contig	902934	1301358	2018-03-14	1336	PRJNA416494	SAMN08049222
Borreliella burgdorferi	Lyme disease spirochete	strain: Bb16-181	139	ASM299686v1	GCF_002996865.1	RefSeq	GCF_002996865.1-RS_2026_02_19	Contig	902480	1305905	2018-03-14	1319	PRJNA416494	SAMN08049220
Borreliella burgdorferi	Lyme disease spirochete	strain: Bb16-178-1	139	ASM299689v1	GCF_002996895.1	RefSeq	GCF_002996895.1-RS_2026_02_19	Contig	902948	1336961	2018-03-14	1374	PRJNA416494	SAMN08049218
Borreliella burgdorferi	Lyme disease spirochete	strain: Bb16-150	139	ASM299692v1	GCF_002996925.1	RefSeq	GCF_002996925.1-RS_2026_02_19	Contig	902272	1324077	2018-03-14	1338	PRJNA416494	SAMN08049211
Borreliella burgdorferi	Lyme disease spirochete	strain: Bb16-167	139	ASM299696v1	GCF_002996965.1	RefSeq	GCF_002996965.1-RS_2026_02_19	Contig	903104	1309946	2018-03-14	1336	PRJNA416494	SAMN08049214
Borreliella burgdorferi	Lyme disease spirochete	strain: Bb16-164	139	ASM299698v1	GCF_002996985.1	RefSeq	GCF_002996985.1-RS_2026_02_19	Contig	899509	1363936	2018-03-14	1403	PRJNA416494	SAMN08049213
Borreliella burgdorferi	Lyme disease spirochete	strain: Bb16-146	139	ASM299702v1	GCF_002997025.1	RefSeq	GCF_002997025.1-RS_2026_02_19	Contig	902999	1308808	2018-03-14	1347	PRJNA416494	SAMN08049209
Borreliella burgdorferi	Lyme disease spirochete	strain: Bb16-138	139	ASM299704v1	GCF_002997045.1	RefSeq	GCF_002997045.1-RS_2026_02_19	Contig	902392	1268851	2018-03-14	1287	PRJNA416494	SAMN08049205
Borreliella burgdorferi	Lyme disease spirochete	strain: Bb16-132	139	ASM299706v1	GCF_002997065.1	RefSeq	GCF_002997065.1-RS_2026_02_19	Contig	903184	1295269	2018-03-14	1307	PRJNA416494	SAMN08049200
Borreliella burgdorferi	Lyme disease spirochete	strain: Bb16-136	139	ASM299708v1	GCF_002997085.1	RefSeq	GCF_002997085.1-RS_2026_02_19	Contig	903319	1294729	2018-03-14	1316	PRJNA416494	SAMN08049204
Borreliella burgdorferi	Lyme disease spirochete	strain: Bb16-134	139	ASM299710v1	GCF_002997105.1	RefSeq	GCF_002997105.1-RS_2026_02_19	Contig	902524	1270078	2018-03-14	1282	PRJNA416494	SAMN08049202
Borreliella burgdorferi	Lyme disease spirochete	strain: Bb16-23-2	139	ASM299714v1	GCF_002997145.1	RefSeq	GCF_002997145.1-RS_2026_02_19	Contig	910005	1300024	2018-03-14	1313	PRJNA416494	SAMN08049191
Borreliella burgdorferi	Lyme disease spirochete	strain: Bb16-126	139	ASM299716v1	GCF_002997165.1	RefSeq	GCF_002997165.1-RS_2026_02_19	Contig	902186	1287181	2018-03-14	1297	PRJNA416494	SAMN08049197
Borreliella burgdorferi	Lyme disease spirochete	strain: Bb16-22-2	139	ASM299718v1	GCF_002997185.1	RefSeq	GCF_002997185.1-RS_2026_02_19	Contig	909902	1330695	2018-03-14	1353	PRJNA416494	SAMN08049190
Borreliella burgdorferi	Lyme disease spirochete	strain: Bb16-17-1	139	ASM299720v1	GCF_002997205.1	RefSeq	GCF_002997205.1-RS_2026_02_19	Contig	902885	1294809	2018-03-14	1302	PRJNA416494	SAMN08049189
Borreliella burgdorferi	Lyme disease spirochete	strain: Bb16-16-1	139	ASM299724v1	GCF_002997245.1	RefSeq	GCF_002997245.1-RS_2026_02_19	Contig	910101	1272549	2018-03-14	1285	PRJNA416494	SAMN08049188
Borreliella burgdorferi	Lyme disease spirochete	strain: Bb16-15-2	139	ASM299726v1	GCF_002997265.1	RefSeq	GCF_002997265.1-RS_2026_02_19	Contig	909692	1287751	2018-03-14	1304	PRJNA416494	SAMN08049187
Borreliella burgdorferi	Lyme disease spirochete	strain: Bb16-10-2	139	ASM299728v1	GCF_002997285.1	RefSeq	GCF_002997285.1-RS_2026_02_19	Contig	909609	1294153	2018-03-14	1312	PRJNA416494	SAMN08049186
Candidatus Borreliella tachyglossi		strain: Bc-F10-1268	1964448	ASM307659v1	GCF_003076595.1	RefSeq	GCF_003076595.1-RS_2025_09_24	Chromosome	397934	1097749	2018-05-01	1082	PRJNA414677	SAMN07807165
Borreliella burgdorferi	Lyme disease spirochete	strain: MM1	139	ASM336729v1	GCF_003367295.1	RefSeq	GCF_003367295.1-RS_2025_04_02	Complete Genome	908512	1280240	2018-08-08	1286	PRJNA397229	SAMN07452586
Borreliella garinii		strain: 20047	29519	ASM381440v1	GCF_003814405.1	RefSeq	GCF_003814405.1-RS_2025_12_23	Complete Genome	906449	1229416	2018-11-23	1211	PRJNA449832	SAMN08918487
Borreliella bavariensis PBi		strain: PBi	290434	ASM381442v1	GCF_003814425.1	RefSeq	GCF_003814425.1-RS_2025_09_13	Complete Genome	905817	1279859	2018-11-23	1303	PRJNA449844	SAMN08918524
Borreliella turdi		strain: T1990A	57863	ASM882874v2	GCF_008828745.2	RefSeq	GCF_008828745.2-RS_2026_01_26	Scaffold	693722	1216582	2019-10-04	1184	PRJNA449861	SAMN08919083
Borreliella turdi		strain: TPT2017	57863	ASM882875v2	GCF_008828755.2	RefSeq	GCF_008828755.2-RS_2025_03_13	Scaffold	723339	1166114	2019-10-04	1141	PRJNA449861	SAMN08919082
Borreliella turdi		strain: T2084	57863	ASM882876v2	GCF_008828765.2	RefSeq	GCF_008828765.2-RS_2026_01_26	Scaffold	689249	1184648	2019-10-04	1176	PRJNA449861	SAMN08919110
Borreliella spielmanii		strain: DSM 16813	88916	ASM1420170v1	GCF_014201705.1	RefSeq	GCF_014201705.1-RS_2025_03_13	Scaffold	222578	1165303	2020-08-14	1152	PRJNA632298	SAMN14908353
Borreliella yangtzensis		strain: DSM 24625	683292	ASM1420177v1	GCF_014201775.1	RefSeq	GCF_014201775.1-RS_2025_03_25	Scaffold	212868	1350499	2020-08-14	1409	PRJNA632131	SAMN14908401
Borreliella afzelii		strain: DSM 10508	29518	ASM1420229v1	GCF_014202295.1	RefSeq	GCF_014202295.1-RS_2025_09_06	Scaffold	222940	1331350	2020-08-14	1357	PRJNA632126	SAMN14908385
Borreliella californiensis		strain: DSM 17989	373543	ASM1420588v1	GCF_014205885.1	RefSeq	GCF_014205885.1-RS_2025_03_13	Scaffold	213364	1352451	2020-08-14	1388	PRJNA632130	SAMN14908344
Borreliella lanei		strain: DSM 17992	373540	ASM1420589v1	GCF_014205895.1	RefSeq	GCF_014205895.1-RS_2025_05_05	Scaffold	221088	1156651	2020-08-14	1143	PRJNA632169	SAMN14986205
Borreliella bavariensis		strain: PZwi	664662	ASM1452545v1	GCF_014525455.1	RefSeq	GCF_014525455.1-RS_2025_04_02	Scaffold	412309	1270790	2020-09-11	1299	PRJNA327303	SAMN05328470
Borreliella bavariensis		strain: PWin	664662	ASM1452552v1	GCF_014525525.1	RefSeq	GCF_014525525.1-RS_2025_04_02	Contig	901603	1283318	2020-09-11	1314	PRJNA327303	SAMN05328469
Borreliella bavariensis		strain: PTrob	664662	ASM1452553v1	GCF_014525535.1	RefSeq	GCF_014525535.1-RS_2026_01_29	Scaffold	340521	1289337	2020-09-11	1325	PRJNA327303	SAMN05328468
Borreliella bavariensis		strain: PRof	664662	ASM1452556v1	GCF_014525565.1	RefSeq	GCF_014525565.1-RS_2026_01_29	Contig	903844	1297860	2020-09-11	1335	PRJNA327303	SAMN05328467
Borreliella bavariensis		strain: Prm7569	664662	ASM1452558v1	GCF_014525585.1	RefSeq	GCF_014525585.1-RS_2026_01_17	Contig	906112	1398132	2020-09-11	1484	PRJNA327303	SAMN14931411
Borreliella bavariensis		strain: Prm7564	664662	ASM1452560v1	GCF_014525605.1	RefSeq	GCF_014525605.1-RS_2026_01_17	Contig	906445	1335080	2020-09-11	1367	PRJNA327303	SAMN14931410
Borreliella bavariensis		strain: Prm965	664662	ASM1452561v1	GCF_014525615.1	RefSeq	GCF_014525615.1-RS_2026_01_17	Contig	906085	1272326	2020-09-11	1304	PRJNA327303	SAMN14931412
Borreliella bavariensis		strain: Prm7019	664662	ASM1452562v1	GCF_014525625.1	RefSeq	GCF_014525625.1-RS_2026_01_17	Contig	906300	1291080	2020-09-11	1322	PRJNA327303	SAMN14931409
Borreliella bavariensis		strain: PRab	664662	ASM1452566v1	GCF_014525665.1	RefSeq	GCF_014525665.1-RS_2026_02_20	Scaffold	832914	1255339	2020-09-11	1275	PRJNA327303	SAMN05328466
Borreliella bavariensis		strain: PNi	664662	ASM1452568v1	GCF_014525685.1	RefSeq	GCF_014525685.1-RS_2026_01_29	Contig	905712	1241082	2020-09-11	1262	PRJNA327303	SAMN05328464
Borreliella bavariensis		strain: PLad	664662	ASM1452570v1	GCF_014525705.1	RefSeq	GCF_014525705.1-RS_2026_01_29	Contig	904930	1304832	2020-09-11	1332	PRJNA327303	SAMN05328460
Borreliella bavariensis		strain: PNeb	664662	ASM1452571v1	GCF_014525715.1	RefSeq	GCF_014525715.1-RS_2026_01_29	Contig	905551	1290248	2020-09-11	1320	PRJNA327303	SAMN05328463
Borreliella bavariensis		strain: PBN	664662	ASM1452574v1	GCF_014525745.1	RefSeq	GCF_014525745.1-RS_2025_04_01	Contig	902196	1272664	2020-09-11	1304	PRJNA327303	SAMN05328450
Borreliella bavariensis		strain: PHerI	664662	ASM1452575v1	GCF_014525755.1	RefSeq	GCF_014525755.1-RS_2025_04_02	Contig	905236	1287006	2020-09-11	1318	PRJNA327303	SAMN05328454
Borreliella bavariensis		strain: PBar	664662	ASM1452578v1	GCF_014525785.1	RefSeq	GCF_014525785.1-RS_2025_03_09	Contig	904602	1282080	2020-09-11	1320	PRJNA327303	SAMN05328449
Borreliella bavariensis		strain: PBaeII	664662	ASM1452580v2	GCF_014525805.2	RefSeq	GCF_014525805.2-RS_2026_02_01	Complete Genome	905911	1262078	2024-02-01	1290	PRJNA327303	SAMN05328448
Borreliella bavariensis		strain: PBaeI	664662	ASM1452581v1	GCF_014525815.1	RefSeq	GCF_014525815.1-RS_2025_04_13	Contig	905408	1258731	2020-09-11	1281	PRJNA327303	SAMN14931405
Borreliella bavariensis		strain: Lubl25	664662	ASM1452584v1	GCF_014525845.1	RefSeq	GCF_014525845.1-RS_2026_02_20	Scaffold	412308	1291494	2020-09-11	1327	PRJNA327303	SAMN05328461
Borreliella bavariensis		strain: N346	664662	ASM1452585v1	GCF_014525855.1	RefSeq	GCF_014525855.1-RS_2026_01_17	Contig	906039	1300748	2020-09-11	1341	PRJNA327303	SAMN05328462
Borreliella bavariensis		strain: Konnai17_clone1	664662	ASM1452588v1	GCF_014525885.1	RefSeq	GCF_014525885.1-RS_2025_08_05	Contig	906319	1335765	2020-09-11	1389	PRJNA327303	SAMN05328459
Borreliella bavariensis		strain: J15	664662	ASM1452590v1	GCF_014525905.1	RefSeq	GCF_014525905.1-RS_2026_01_17	Contig	903608	1312286	2020-09-11	1364	PRJNA327303	SAMN05328457
Borreliella bavariensis		strain: J20T	664662	ASM1452591v1	GCF_014525915.1	RefSeq	GCF_014525915.1-RS_2026_01_17	Contig	906553	1340059	2020-09-11	1425	PRJNA327303	SAMN05328458
Borreliella bavariensis		strain: FujiP2	664662	ASM1452592v1	GCF_014525925.1	RefSeq	GCF_014525925.1-RS_2026_01_17	Contig	906691	1347442	2020-09-11	1360	PRJNA327303	SAMN05328453
Borreliella bavariensis		strain: J14	664662	ASM1452593v1	GCF_014525935.1	RefSeq	GCF_014525935.1-RS_2026_01_17	Contig	903996	1334844	2020-09-11	1344	PRJNA327303	SAMN05328456
Borreliella bavariensis		strain: Hiratsuka	664662	ASM1452594v1	GCF_014525945.1	RefSeq	GCF_014525945.1-RS_2026_01_17	Contig	906310	1366306	2020-09-11	1396	PRJNA327303	SAMN05328455
Borreliella bavariensis		strain: DK6	664662	ASM1452600v1	GCF_014526005.1	RefSeq	GCF_014526005.1-RS_2026_02_20	Scaffold	833361	1257855	2020-09-11	1285	PRJNA327303	SAMN05328451
Borreliella bavariensis		strain: 61VB2	664662	ASM1452602v1	GCF_014526025.1	RefSeq	GCF_014526025.1-RS_2025_05_03	Contig	905344	1244033	2020-09-11	1263	PRJNA327303	SAMN14931406
Borreliella bavariensis		strain: Arh923	664662	ASM1452603v1	GCF_014526035.1	RefSeq	GCF_014526035.1-RS_2026_01_17	Contig	906201	1337356	2020-09-11	1368	PRJNA327303	SAMN14931408
Borreliella bavariensis		strain: A91S	664662	ASM1452604v1	GCF_014526045.1	RefSeq	GCF_014526045.1-RS_2025_04_01	Contig	905346	1290614	2020-09-11	1331	PRJNA327303	SAMN05328447
Borreliella bavariensis		strain: Arh913	664662	ASM1452608v1	GCF_014526085.1	RefSeq	GCF_014526085.1-RS_2026_01_17	Scaffold	906404	1336021	2020-09-11	1368	PRJNA327303	SAMN14931407
Borreliella garinii		strain: TWA	29519	ASM1791099v1	GCF_017910995.1	RefSeq	GCF_017910995.1-RS_2025_03_13	Contig	212896	1272106	2021-04-12	1317	PRJNA662729	SAMN16577255
Borreliella garinii		strain: TSK5	29519	ASM1791101v1	GCF_017911015.1	RefSeq	GCF_017911015.1-RS_2026_01_26	Contig	634541	1259493	2021-04-12	1304	PRJNA662729	SAMN16577254
Borreliella garinii		strain: IPT144	29519	ASM1791102v1	GCF_017911025.1	RefSeq	GCF_017911025.1-RS_2025_08_14	Contig	213101	1329149	2021-04-12	1447	PRJNA662729	SAMN16577261
Borreliella valaisiana		strain: IPT14	62088	ASM1791106v1	GCF_017911065.1	RefSeq	GCF_017911065.1-RS_2025_08_05	Contig	913746	1298163	2021-04-12	1397	PRJNA662729	SAMN16577260
Borreliella garinii		strain: TSK39	29519	ASM1791117v1	GCF_017911175.1	RefSeq	GCF_017911175.1-RS_2025_08_25	Contig	391895	1362288	2021-04-12	1464	PRJNA662729	SAMN16577253
Borreliella garinii		strain: TSK25	29519	ASM1791119v1	GCF_017911195.1	RefSeq	GCF_017911195.1-RS_2025_08_25	Contig	50398	1439164	2021-04-12	1612	PRJNA662729	SAMN16577251
Borreliella garinii		strain: T17b	29519	ASM1791121v1	GCF_017911215.1	RefSeq	GCF_017911215.1-RS_2026_01_26	Contig	179565	1249902	2021-04-12	1295	PRJNA662729	SAMN16577248
Borreliella garinii		strain: TLSII	29519	ASM1791122v1	GCF_017911225.1	RefSeq	GCF_017911225.1-RS_2026_01_26	Contig	213318	1235418	2021-04-12	1255	PRJNA662729	SAMN16577250
Borreliella garinii		strain: TSK29	29519	ASM1791125v1	GCF_017911255.1	RefSeq	GCF_017911255.1-RS_2025_04_16	Contig	48507	1429305	2021-04-12	1605	PRJNA662729	SAMN16577252
Borreliella garinii		strain: T24	29519	ASM1791127v1	GCF_017911275.1	RefSeq	GCF_017911275.1-RS_2026_01_26	Contig	692729	1271108	2021-04-12	1293	PRJNA662729	SAMN16577249
Borreliella garinii		strain: IPT96	29519	ASM1791129v1	GCF_017911295.1	RefSeq	GCF_017911295.1-RS_2026_01_26	Contig	392206	1279448	2021-04-12	1308	PRJNA662729	SAMN16577298
Borreliella burgdorferi	Lyme disease spirochete	strain: IPT92	139	ASM1791131v1	GCF_017911315.1	RefSeq	GCF_017911315.1-RS_2025_03_13	Contig	224633	1288758	2021-04-12	1352	PRJNA662729	SAMN16577242
Borreliella garinii		strain: L8	29519	ASM1791132v1	GCF_017911325.1	RefSeq	GCF_017911325.1-RS_2026_01_26	Contig	213109	1267211	2021-04-12	1329	PRJNA662729	SAMN16577247
Borreliella garinii		strain: IPT98	29519	ASM1791133v1	GCF_017911335.1	RefSeq	GCF_017911335.1-RS_2025_04_16	Contig	12583	1458278	2021-04-12	1705	PRJNA662729	SAMN16577299
Borreliella garinii		strain: IPT91	29519	ASM1791137v1	GCF_017911375.1	RefSeq	GCF_017911375.1-RS_2025_08_25	Contig	391670	1321454	2021-04-12	1381	PRJNA662729	SAMN16577297
Borreliella garinii		strain: IPT89	29519	ASM1791138v1	GCF_017911385.1	RefSeq	GCF_017911385.1-RS_2026_01_26	Contig	392096	1240995	2021-04-12	1279	PRJNA662729	SAMN16577246
Borreliella valaisiana		strain: IPT85	62088	ASM1791141v1	GCF_017911415.1	RefSeq	GCF_017911415.1-RS_2026_01_26	Contig	923070	1270384	2021-04-12	1334	PRJNA662729	SAMN16577295
Borreliella garinii		strain: IPT86	29519	ASM1791143v1	GCF_017911435.1	RefSeq	GCF_017911435.1-RS_2025_08_25	Contig	11760	1477856	2021-04-12	1736	PRJNA662729	SAMN16577296
Borreliella burgdorferi	Lyme disease spirochete	strain: IPT77	139	ASM1791144v1	GCF_017911445.1	RefSeq	GCF_017911445.1-RS_2025_03_13	Contig	227097	1233930	2021-04-12	1327	PRJNA662729	SAMN16577241
Borreliella garinii		strain: IPT76	29519	ASM1791147v1	GCF_017911475.1	RefSeq	GCF_017911475.1-RS_2025_08_25	Contig	178988	1401001	2021-04-12	1539	PRJNA662729	SAMN16577240
Borreliella garinii		strain: IPT34	29519	ASM1791149v1	GCF_017911495.1	RefSeq	GCF_017911495.1-RS_2026_01_26	Contig	213260	1242423	2021-04-12	1345	PRJNA662729	SAMN16577292
Borreliella garinii		strain: IPT75	29519	ASM1791150v1	GCF_017911505.1	RefSeq	GCF_017911505.1-RS_2025_08_05	Contig	213195	1281501	2021-04-12	1342	PRJNA662729	SAMN16577294
Borreliella garinii		strain: IPT32	29519	ASM1791153v1	GCF_017911535.1	RefSeq	GCF_017911535.1-RS_2025_01_08	Contig	69008	1681919	2021-04-12	2073	PRJNA662729	SAMN16577278
Borreliella garinii		strain: IPT74	29519	ASM1791154v1	GCF_017911545.1	RefSeq	GCF_017911545.1-RS_2025_06_14	Contig	8559	1506238	2021-04-12	1789	PRJNA662729	SAMN16577293
Borreliella valaisiana		strain: IPT31	62088	ASM1791157v1	GCF_017911575.1	RefSeq	GCF_017911575.1-RS_2026_01_26	Contig	912950	1384834	2021-04-12	1538	PRJNA662729	SAMN16577277
Borreliella valaisiana		strain: IPT201	62088	ASM1791158v1	GCF_017911585.1	RefSeq	GCF_017911585.1-RS_2026_01_26	Contig	913300	1292819	2021-04-12	1380	PRJNA662729	SAMN16577276
Borreliella garinii		strain: IPT200	29519	ASM1791161v1	GCF_017911615.1	RefSeq	GCF_017911615.1-RS_2026_01_26	Contig	392522	1204483	2021-04-12	1252	PRJNA662729	SAMN16577291
Borreliella garinii		strain: IPT189	29519	ASM1791163v1	GCF_017911635.1	RefSeq	GCF_017911635.1-RS_2025_08_18	Contig	30426	1541138	2021-04-12	1750	PRJNA662729	SAMN16577290
Borreliella valaisiana		strain: IPT188	62088	ASM1791166v1	GCF_017911665.1	RefSeq	GCF_017911665.1-RS_2025_03_13	Contig	699840	1364071	2021-04-12	1476	PRJNA662729	SAMN16577274
Borreliella garinii		strain: IPT195	29519	ASM1791167v1	GCF_017911675.1	RefSeq	GCF_017911675.1-RS_2025_09_08	Contig	58708	1614128	2021-04-12	1976	PRJNA662729	SAMN16577275
Borreliella valaisiana		strain: IPT186	62088	ASM1791171v1	GCF_017911715.1	RefSeq	GCF_017911715.1-RS_2026_01_26	Contig	699448	1315139	2021-04-12	1383	PRJNA662729	SAMN16577288
Borreliella valaisiana		strain: IPT177	62088	ASM1791173v1	GCF_017911735.1	RefSeq	GCF_017911735.1-RS_2026_01_26	Contig	213326	1381204	2021-04-12	1563	PRJNA662729	SAMN16577271
Borreliella valaisiana		strain: IPT184	62088	ASM1791174v1	GCF_017911745.1	RefSeq	GCF_017911745.1-RS_2025_08_06	Contig	913531	1281816	2021-04-12	1375	PRJNA662729	SAMN16577287
Borreliella garinii		strain: IPT178	29519	ASM1791177v1	GCF_017911775.1	RefSeq	GCF_017911775.1-RS_2025_08_14	Contig	391090	1338486	2021-04-12	1405	PRJNA662729	SAMN16577272
Borreliella garinii		strain: IPT176	29519	ASM1791178v1	GCF_017911785.1	RefSeq	GCF_017911785.1-RS_2025_08_14	Contig	213347	1303765	2021-04-12	1374	PRJNA662729	SAMN16577270
Borreliella garinii		strain: IPT182	29519	ASM1791181v1	GCF_017911815.1	RefSeq	GCF_017911815.1-RS_2025_01_08	Contig	9612	1671608	2021-04-12	2039	PRJNA662729	SAMN16577273
Borreliella valaisiana		strain: IPT174	62088	ASM1791183v1	GCF_017911835.1	RefSeq	GCF_017911835.1-RS_2026_01_26	Contig	913452	1262728	2021-04-12	1341	PRJNA662729	SAMN16577286
Borreliella garinii		strain: IPT167	29519	ASM1791184v1	GCF_017911845.1	RefSeq	GCF_017911845.1-RS_2025_08_14	Contig	178778	1445293	2021-04-12	1674	PRJNA662729	SAMN16577268
Borreliella garinii		strain: IPT175	29519	ASM1791185v1	GCF_017911855.1	RefSeq	GCF_017911855.1-RS_2025_08_13	Contig	7276	1563474	2021-04-12	1961	PRJNA662729	SAMN16577269
Borreliella garinii		strain: IPT161	29519	ASM1791186v1	GCF_017911865.1	RefSeq	GCF_017911865.1-RS_2025_08_14	Contig	213187	1308251	2021-04-12	1383	PRJNA662729	SAMN16577267
Borreliella valaisiana		strain: IPT160	62088	ASM1791191v1	GCF_017911915.1	RefSeq	GCF_017911915.1-RS_2025_08_05	Contig	221708	1380585	2021-04-12	1539	PRJNA662729	SAMN16577266
Borreliella garinii		strain: IPT150	29519	ASM1791194v1	GCF_017911945.1	RefSeq	GCF_017911945.1-RS_2025_08_14	Contig	179125	1352435	2021-04-12	1444	PRJNA662729	SAMN16577264
Borreliella garinii		strain: IPT158	29519	ASM1791195v1	GCF_017911955.1	RefSeq	GCF_017911955.1-RS_2025_04_16	Contig	213213	1330948	2021-04-12	1390	PRJNA662729	SAMN16577285
Borreliella garinii		strain: IPT155	29519	ASM1791199v1	GCF_017911995.1	RefSeq	GCF_017911995.1-RS_2025_01_08	Contig	41314	1675817	2021-04-12	2089	PRJNA662729	SAMN16577265
Borreliella garinii		strain: IPT145	29519	ASM1791201v1	GCF_017912015.1	RefSeq	GCF_017912015.1-RS_2025_08_14	Contig	178006	1343911	2021-04-12	1465	PRJNA662729	SAMN16577262
Borreliella garinii		strain: IPT139	29519	ASM1791203v1	GCF_017912035.1	RefSeq	GCF_017912035.1-RS_2026_01_26	Contig	213240	1178336	2021-04-12	1181	PRJNA662729	SAMN16577284
Borreliella garinii		strain: IPT134	29519	ASM1791205v1	GCF_017912055.1	RefSeq	GCF_017912055.1-RS_2026_01_26	Contig	846235	1274130	2021-04-12	1323	PRJNA662729	SAMN16577239
Borreliella garinii		strain: IPT136	29519	ASM1791206v1	GCF_017912065.1	RefSeq	GCF_017912065.1-RS_2025_04_16	Contig	392133	1300947	2021-04-12	1381	PRJNA662729	SAMN16577283
Borreliella garinii		strain: IPT123	29519	ASM1791208v1	GCF_017912085.1	RefSeq	GCF_017912085.1-RS_2026_01_26	Contig	213148	1290363	2021-04-12	1302	PRJNA662729	SAMN16577282
Borreliella garinii		strain: IPT116	29519	ASM1791213v1	GCF_017912135.1	RefSeq	GCF_017912135.1-RS_2026_01_26	Contig	213118	1352228	2021-04-12	1461	PRJNA662729	SAMN16577258
Borreliella garinii		strain: IPT114	29519	ASM1791217v1	GCF_017912175.1	RefSeq	GCF_017912175.1-RS_2026_01_26	Contig	213211	1237553	2021-04-12	1269	PRJNA662729	SAMN16577245
Borreliella garinii		strain: IPT108	29519	ASM1791218v1	GCF_017912185.1	RefSeq	GCF_017912185.1-RS_2026_01_26	Contig	692445	1268583	2021-04-12	1299	PRJNA662729	SAMN16577280
Borreliella valaisiana		strain: IPT111	62088	ASM1791220v1	GCF_017912205.1	RefSeq	GCF_017912205.1-RS_2026_01_26	Contig	699375	1307237	2021-04-12	1387	PRJNA662729	SAMN16577257
Borreliella garinii		strain: IBS9	29519	ASM1791223v1	GCF_017912235.1	RefSeq	GCF_017912235.1-RS_2025_08_05	Contig	213613	1226727	2021-04-12	1245	PRJNA662729	SAMN16577238
Borreliella garinii		strain: IPT106	29519	ASM1791225v1	GCF_017912255.1	RefSeq	GCF_017912255.1-RS_2025_08_14	Contig	179047	1297884	2021-04-12	1410	PRJNA662729	SAMN16577256
Borreliella garinii		strain: IBS7	29519	ASM1791227v1	GCF_017912275.1	RefSeq	GCF_017912275.1-RS_2025_03_13	Contig	680592	1211038	2021-04-12	1250	PRJNA662729	SAMN16577236
Borreliella garinii		strain: IBS8	29519	ASM1791229v1	GCF_017912295.1	RefSeq	GCF_017912295.1-RS_2026_01_26	Contig	213098	1174557	2021-04-12	1188	PRJNA662729	SAMN16577237
Borreliella bavariensis		strain: IBS59	664662	ASM1791230v1	GCF_017912305.1	RefSeq	GCF_017912305.1-RS_2026_01_17	Contig	271754	1248022	2021-04-12	1311	PRJNA662729	SAMN16577234
Borreliella garinii		strain: IBS6	29519	ASM1791233v1	GCF_017912335.1	RefSeq	GCF_017912335.1-RS_2026_01_26	Contig	213199	1271693	2021-04-12	1335	PRJNA662729	SAMN16577235
Borreliella garinii		strain: IBS35	29519	ASM1791234v1	GCF_017912345.1	RefSeq	GCF_017912345.1-RS_2026_01_26	Contig	213208	1267622	2021-04-12	1300	PRJNA662729	SAMN16577233
Borreliella garinii		strain: IBS20	29519	ASM1791237v1	GCF_017912375.1	RefSeq	GCF_017912375.1-RS_2025_08_06	Contig	271547	1239280	2021-04-12	1272	PRJNA662729	SAMN16577230
Borreliella garinii		strain: IBS29	29519	ASM1791239v1	GCF_017912395.1	RefSeq	GCF_017912395.1-RS_2026_01_26	Contig	272198	1218436	2021-04-12	1248	PRJNA662729	SAMN16577231
Borreliella garinii		strain: IBS3	29519	ASM1791240v1	GCF_017912405.1	RefSeq	GCF_017912405.1-RS_2025_03_27	Contig	271622	1269967	2021-04-12	1363	PRJNA662729	SAMN16577232
Borreliella garinii		strain: IBS18	29519	ASM1791243v1	GCF_017912435.1	RefSeq	GCF_017912435.1-RS_2026_01_26	Contig	724674	1225209	2021-04-12	1230	PRJNA662729	SAMN16577228
Borreliella garinii		strain: IBS2	29519	ASM1791245v1	GCF_017912455.1	RefSeq	GCF_017912455.1-RS_2025_08_22	Contig	681067	1237206	2021-04-12	1259	PRJNA662729	SAMN16577229
Borreliella garinii		strain: 103B2	29519	ASM1791249v1	GCF_017912495.1	RefSeq	GCF_017912495.1-RS_2026_01_26	Contig	213098	1123704	2021-04-12	1148	PRJNA662729	SAMN16577243
Borreliella afzelii		strain: S13	29518	ASM1814130v1	GCF_018141305.1	RefSeq	GCF_018141305.1-RS_2025_08_25	Complete Genome	918834	918834	2021-04-27	866	PRJNA555148	SAMN12301944
Borreliella valaisiana		strain: IPT102	62088	ASM1828205v1	GCF_018282055.1	RefSeq	GCF_018282055.1-RS_2026_01_26	Contig	913137	1254789	2021-05-05	1270	PRJNA662729	SAMN16577279
Borreliella bavariensis		strain: NT24	664662	ASM1883158v1	GCF_018831585.1	RefSeq	GCF_018831585.1-RS_2025_04_01	Complete Genome	906948	1318124	2021-06-10	1319	PRJNA327303	SAMN05328465
Borreliella burgdorferi	Lyme disease spirochete	strain: B-17/2013	139	ASM1913465v1	GCF_019134655.1	RefSeq	GCF_019134655.1-RS_2025_07_29	Complete Genome	909995	1217256	2021-07-06	1220	PRJNA739533	SAMN19791464
Borreliella burgdorferi	Lyme disease spirochete	strain: B500	139	ASM1946457v1	GCF_019464575.1	RefSeq	GCF_019464575.1-RS_2025_09_12	Complete Genome	903660	1429304	2021-08-09	1467	PRJNA342676	SAMN18927101
Borreliella burgdorferi	Lyme disease spirochete	strain: S47_Assembly	139	ASM2104343v1	GCF_021043435.1	RefSeq	GCF_021043435.1-RS_2025_03_13	Contig	15523	1170558	2021-12-04	1303	PRJNA782622	SAMN23440945
Borreliella burgdorferi	Lyme disease spirochete	strain: S49_Assembly	139	ASM2104346v1	GCF_021043465.1	RefSeq	GCF_021043465.1-RS_2025_03_13	Contig	10645	1139620	2021-12-04	1280	PRJNA782622	SAMN23440947
Borreliella burgdorferi	Lyme disease spirochete	strain: S48_Assembly	139	ASM2104348v1	GCF_021043485.1	RefSeq	GCF_021043485.1-RS_2025_03_13	Contig	23287	1220560	2021-12-04	1285	PRJNA782622	SAMN23440946
Borreliella burgdorferi	Lyme disease spirochete	strain: S90_Assembly	139	ASM2104350v1	GCF_021043505.1	RefSeq	GCF_021043505.1-RS_2025_03_13	Contig	20931	1216377	2021-12-04	1270	PRJNA782622	SAMN23440949
Borreliella burgdorferi	Lyme disease spirochete	strain: S45_Assembly	139	ASM2104352v1	GCF_021043525.1	RefSeq	GCF_021043525.1-RS_2025_03_13	Contig	18567	1192189	2021-12-04	1281	PRJNA782622	SAMN23440943
Borreliella burgdorferi	Lyme disease spirochete	strain: S44_Assembly	139	ASM2104355v1	GCF_021043555.1	RefSeq	GCF_021043555.1-RS_2025_03_13	Contig	110787	1218906	2021-12-04	1278	PRJNA782622	SAMN23440942
Borreliella burgdorferi	Lyme disease spirochete	strain: S43_Assembly	139	ASM2104358v1	GCF_021043585.1	RefSeq	GCF_021043585.1-RS_2025_03_13	Contig	177421	1227223	2021-12-04	1283	PRJNA782622	SAMN23440941
Borreliella americana		strain: S42_Assembly	478807	ASM2104360v1	GCF_021043605.1	RefSeq	GCF_021043605.1-RS_2025_12_12	Contig	59710	1185678	2021-12-04	1192	PRJNA782622	SAMN23440940
Borreliella burgdorferi	Lyme disease spirochete	strain: S40_Assembly	139	ASM2104361v1	GCF_021043615.1	RefSeq	GCF_021043615.1-RS_2026_02_06	Contig	15656	1189649	2021-12-04	1236	PRJNA782622	SAMN23440938
Borreliella burgdorferi	Lyme disease spirochete	strain: S41_Assembly	139	ASM2104366v1	GCF_021043665.1	RefSeq	GCF_021043665.1-RS_2026_02_06	Contig	189549	1257326	2021-12-04	1287	PRJNA782622	SAMN23440939
Borreliella americana		strain: S38_Assembly	478807	ASM2104367v1	GCF_021043675.1	RefSeq	GCF_021043675.1-RS_2025_12_12	Contig	8967	887728	2021-12-04	974	PRJNA782622	SAMN23440936
Borreliella burgdorferi	Lyme disease spirochete	strain: S35_Assembly	139	ASM2104370v1	GCF_021043705.1	RefSeq	GCF_021043705.1-RS_2025_03_13	Contig	28375	1180132	2021-12-04	1275	PRJNA782622	SAMN23440933
Borreliella americana		strain: S37_Assembly	478807	ASM2104372v1	GCF_021043725.1	RefSeq	GCF_021043725.1-RS_2025_12_12	Contig	19594	1137366	2021-12-04	1178	PRJNA782622	SAMN23440935
Borreliella burgdorferi	Lyme disease spirochete	strain: S36_Assembly	139	ASM2104373v1	GCF_021043735.1	RefSeq	GCF_021043735.1-RS_2026_02_06	Contig	14011	1177311	2021-12-04	1294	PRJNA782622	SAMN23440934
Borreliella burgdorferi	Lyme disease spirochete	strain: S33_Assembly	139	ASM2104374v1	GCF_021043745.1	RefSeq	GCF_021043745.1-RS_2026_02_06	Contig	122992	1297230	2021-12-04	1391	PRJNA782622	SAMN23440931
Borreliella burgdorferi	Lyme disease spirochete	strain: S34_Assembly	139	ASM2104378v1	GCF_021043785.1	RefSeq	GCF_021043785.1-RS_2026_02_06	Contig	14691	1112849	2021-12-04	1163	PRJNA782622	SAMN23440932
Borreliella burgdorferi	Lyme disease spirochete	strain: S32_Assembly	139	ASM2104380v1	GCF_021043805.1	RefSeq	GCF_021043805.1-RS_2025_03_13	Contig	275573	1218718	2021-12-04	1276	PRJNA782622	SAMN23440930
Borreliella burgdorferi	Lyme disease spirochete	strain: S29_Assembly	139	ASM2104382v1	GCF_021043825.1	RefSeq	GCF_021043825.1-RS_2026_02_06	Contig	204857	1272581	2021-12-04	1319	PRJNA782622	SAMN23440927
Borreliella burgdorferi	Lyme disease spirochete	strain: S28_Assembly	139	ASM2104384v1	GCF_021043845.1	RefSeq	GCF_021043845.1-RS_2026_02_06	Contig	11490	1179627	2021-12-04	1309	PRJNA782622	SAMN23440926
Borreliella burgdorferi	Lyme disease spirochete	strain: S31_Assembly	139	ASM2104386v1	GCF_021043865.1	RefSeq	GCF_021043865.1-RS_2026_02_06	Contig	87822	1237561	2021-12-04	1258	PRJNA782622	SAMN23440929
Borreliella burgdorferi	Lyme disease spirochete	strain: S30_Assembly	139	ASM2104387v1	GCF_021043875.1	RefSeq	GCF_021043875.1-RS_2026_02_06	Contig	53565	1257639	2021-12-04	1310	PRJNA782622	SAMN23440928
Borreliella burgdorferi	Lyme disease spirochete	strain: S27_Assembly	139	ASM2104390v1	GCF_021043905.1	RefSeq	GCF_021043905.1-RS_2025_03_13	Contig	51979	1231045	2021-12-04	1296	PRJNA782622	SAMN23440925
Borreliella burgdorferi	Lyme disease spirochete	strain: S26_Assembly	139	ASM2104392v1	GCF_021043925.1	RefSeq	GCF_021043925.1-RS_2026_02_06	Contig	15283	1177935	2021-12-04	1282	PRJNA782622	SAMN23440924
Borreliella burgdorferi	Lyme disease spirochete	strain: S25_Assembly	139	ASM2104393v1	GCF_021043935.1	RefSeq	GCF_021043935.1-RS_2026_02_06	Contig	37563	1213884	2021-12-04	1272	PRJNA782622	SAMN23440923
Borreliella burgdorferi	Lyme disease spirochete	strain: S23_Assembly	139	ASM2104396v1	GCF_021043965.1	RefSeq	GCF_021043965.1-RS_2026_02_06	Contig	57476	1245500	2021-12-04	1310	PRJNA782622	SAMN23440921
Borreliella burgdorferi	Lyme disease spirochete	strain: S24_Assembly	139	ASM2104398v1	GCF_021043985.1	RefSeq	GCF_021043985.1-RS_2026_02_06	Contig	27796	1249867	2021-12-04	1312	PRJNA782622	SAMN23440922
Borreliella burgdorferi	Lyme disease spirochete	strain: S22_Assembly	139	ASM2104400v1	GCF_021044005.1	RefSeq	GCF_021044005.1-RS_2025_03_13	Contig	20650	1204022	2021-12-04	1293	PRJNA782622	SAMN23440920
Borreliella bissettiae		strain: S20_Assembly	64897	ASM2104402v1	GCF_021044025.1	RefSeq	GCF_021044025.1-RS_2025_12_12	Contig	203332	1250260	2021-12-04	1350	PRJNA782622	SAMN23440918
Borreliella burgdorferi	Lyme disease spirochete	strain: S21_Assembly	139	ASM2104404v1	GCF_021044045.1	RefSeq	GCF_021044045.1-RS_2026_02_06	Contig	109485	1231023	2021-12-04	1280	PRJNA782622	SAMN23440919
Borreliella burgdorferi	Lyme disease spirochete	strain: S19_Assembly	139	ASM2104405v1	GCF_021044055.1	RefSeq	GCF_021044055.1-RS_2026_02_06	Contig	66111	1077621	2021-12-04	1100	PRJNA782622	SAMN23440917
Borreliella burgdorferi	Lyme disease spirochete	strain: S18_Assembly	139	ASM2104406v1	GCF_021044065.1	RefSeq	GCF_021044065.1-RS_2026_02_06	Contig	80629	1078021	2021-12-04	1123	PRJNA782622	SAMN23440916
Borreliella burgdorferi	Lyme disease spirochete	strain: S17_Assembly	139	ASM2104408v1	GCF_021044085.1	RefSeq	GCF_021044085.1-RS_2025_04_16	Contig	193412	1046851	2021-12-04	1050	PRJNA782622	SAMN23440915
Borreliella burgdorferi	Lyme disease spirochete	strain: S15_Assembly	139	ASM2104412v1	GCF_021044125.1	RefSeq	GCF_021044125.1-RS_2025_03_13	Contig	33121	1041273	2021-12-04	1064	PRJNA782622	SAMN23440913
Borreliella burgdorferi	Lyme disease spirochete	strain: S12_Assembly	139	ASM2104414v1	GCF_021044145.1	RefSeq	GCF_021044145.1-RS_2026_02_06	Contig	24658	1240763	2021-12-04	1384	PRJNA782622	SAMN23440910
Borreliella burgdorferi	Lyme disease spirochete	strain: S13_Assembly	139	ASM2104416v1	GCF_021044165.1	RefSeq	GCF_021044165.1-RS_2025_03_13	Contig	49722	1043326	2021-12-04	1048	PRJNA782622	SAMN23440911
Borreliella burgdorferi	Lyme disease spirochete	strain: S16_Assembly	139	ASM2104417v1	GCF_021044175.1	RefSeq	GCF_021044175.1-RS_2025_04_16	Contig	53620	1043411	2021-12-04	1051	PRJNA782622	SAMN23440914
Borreliella burgdorferi	Lyme disease spirochete	strain: S14_Assembly	139	ASM2104418v1	GCF_021044185.1	RefSeq	GCF_021044185.1-RS_2025_01_08	Contig	35503	1022483	2021-12-04	1027	PRJNA782622	SAMN23440912
Borreliella burgdorferi	Lyme disease spirochete	strain: S07_Assembly	139	ASM2104422v1	GCF_021044225.1	RefSeq	GCF_021044225.1-RS_2026_02_06	Contig	15767	1234970	2021-12-04	1378	PRJNA782622	SAMN23440905
Borreliella burgdorferi	Lyme disease spirochete	strain: S09_Assembly	139	ASM2104424v1	GCF_021044245.1	RefSeq	GCF_021044245.1-RS_2025_03_13	Contig	172442	1038115	2021-12-04	1045	PRJNA782622	SAMN23440907
Borreliella burgdorferi	Lyme disease spirochete	strain: S11_Assembly	139	ASM2104425v1	GCF_021044255.1	RefSeq	GCF_021044255.1-RS_2026_02_06	Contig	161454	1267061	2021-12-04	1339	PRJNA782622	SAMN23440909
Borreliella burgdorferi	Lyme disease spirochete	strain: S10_Assembly	139	ASM2104428v1	GCF_021044285.1	RefSeq	GCF_021044285.1-RS_2025_04_16	Contig	162500	1044125	2021-12-04	1043	PRJNA782622	SAMN23440908
Borreliella burgdorferi	Lyme disease spirochete	strain: S08_Assembly	139	ASM2104429v1	GCF_021044295.1	RefSeq	GCF_021044295.1-RS_2026_02_06	Contig	71603	1075956	2021-12-04	1102	PRJNA782622	SAMN23440906
Borreliella burgdorferi	Lyme disease spirochete	strain: S03_Assembly	139	ASM2104432v1	GCF_021044325.1	RefSeq	GCF_021044325.1-RS_2026_02_06	Contig	210918	1221239	2021-12-04	1306	PRJNA782622	SAMN23440901
Borreliella burgdorferi	Lyme disease spirochete	strain: S06_Assembly	139	ASM2104433v1	GCF_021044335.1	RefSeq	GCF_021044335.1-RS_2026_02_06	Contig	25019	1242507	2021-12-04	1356	PRJNA782622	SAMN23440904
Borreliella burgdorferi	Lyme disease spirochete	strain: S04_Assembly	139	ASM2104436v1	GCF_021044365.1	RefSeq	GCF_021044365.1-RS_2026_02_06	Contig	109840	1263014	2021-12-04	1340	PRJNA782622	SAMN23440902
Borreliella burgdorferi	Lyme disease spirochete	strain: S02_Assembly	139	ASM2104437v1	GCF_021044375.1	RefSeq	GCF_021044375.1-RS_2026_02_06	Contig	36015	1150024	2021-12-04	1229	PRJNA782622	SAMN23440900
Borreliella burgdorferi	Lyme disease spirochete	strain: S01_Assembly	139	ASM2104440v1	GCF_021044405.1	RefSeq	GCF_021044405.1-RS_2025_03_13	Contig	14046	1167218	2021-12-04	1277	PRJNA782622	SAMN23440899
Borreliella burgdorferi	Lyme disease spirochete	strain: S05_Assembly	139	ASM2104446v1	GCF_021044465.1	RefSeq	GCF_021044465.1-RS_2026_02_06	Contig	30863	1270227	2021-12-04	1407	PRJNA782622	SAMN23440903
Borreliella burgdorferi	Lyme disease spirochete	strain: B408	139	ASM2466215v1	GCF_024662155.1	RefSeq	GCF_024662155.1-RS_2025_03_31	Complete Genome	903249	1392060	2022-08-15	1410	PRJNA820963	SAMN27029187
Borreliella burgdorferi	Lyme disease spirochete	strain: B379	139	ASM2466217v1	GCF_024662175.1	RefSeq	GCF_024662175.1-RS_2025_04_02	Complete Genome	920773	1417706	2022-08-15	1455	PRJNA820963	SAMN27029186
Borreliella burgdorferi	Lyme disease spirochete	strain: B31-5A4	139	ASM2466219v1	GCF_024662195.1	RefSeq	GCF_024662195.1-RS_2025_04_09	Complete Genome	909655	1513701	2022-08-15	1548	PRJNA820963	SAMN27029185
Borreliella burgdorferi	Lyme disease spirochete	strain: N40-D10/E9	139	ASM2473389v1	GCF_024733895.1	RefSeq	GCF_024733895.1-RS_2025_04_06	Scaffold	689299	1365565	2022-08-22	1461	PRJNA820963	SAMN27057510
Borreliella burgdorferi	Lyme disease spirochete	strain: BL206	139	ASM2473391v1	GCF_024733915.1	RefSeq	GCF_024733915.1-RS_2025_04_09	Scaffold	213392	1468322	2022-08-22	1642	PRJNA820963	SAMN27057511
Borreliella burgdorferi	Lyme disease spirochete	strain: B356	139	ASM2473393v1	GCF_024733935.1	RefSeq	GCF_024733935.1-RS_2025_04_08	Scaffold	221548	1201141	2022-08-22	1298	PRJNA820963	SAMN27057509
Borreliella burgdorferi 297		strain: 297	521009	ASM2473399v1	GCF_024733995.1	RefSeq	GCF_024733995.1-RS_2025_04_09	Scaffold	213239	1475103	2022-08-22	1625	PRJNA820963	SAMN27057508
Borreliella burgdorferi	Lyme disease spirochete	strain: PMeh	139	ASM2479048v1	GCF_024790485.1	RefSeq	GCF_024790485.1-RS_2025_04_06	Scaffold	221881	1332894	2022-08-30	1437	PRJNA820963	SAMN27611594
Borreliella garinii		strain: PBes	29519	ASM2664345v2	GCF_026643455.2	RefSeq	GCF_026643455.2-RS_2025_04_24	Complete Genome	906103	1219605	2024-04-18	1201	PRJNA327303	SAMN05328475
Borreliella burgdorferi	Lyme disease spirochete	strain: Bbss62	139	ASM3022182v1	GCF_030221825.1	RefSeq	GCF_030221825.1-RS_2025_06_07	Scaffold	213722	1530869	2023-06-07	1704	PRJNA820963	SAMN27611586
Borreliella yangtzensis		strain: CW62	683292	ASM3043616v1	GCF_030436165.1	RefSeq	GCF_030436165.1-RS_2025_03_09	Complete Genome	909595	1008977	2023-07-12	975	PRJNA431102	SAMN10141388
Borreliella yangtzensis		strain: CW61	683292	ASM3043618v2	GCF_030436185.2	RefSeq	GCF_030436185.2-RS_2025_03_25	Complete Genome	909296	1463015	2025-02-28	1539	PRJNA431102	SAMN10141387
Borreliella yangtzensis		strain: Miyako4E3	683292	ASM3043620v2	GCF_030436205.2	RefSeq	GCF_030436205.2-RS_2025_03_29	Complete Genome	908381	1367110	2025-02-28	1430	PRJNA431102	SAMN10141389
Borreliella tanukii		strain: HK501	56146	ASM3043634v2	GCF_030436345.2	RefSeq	GCF_030436345.2-RS_2026_03_08	Complete Genome	913560	1342466	2025-02-27	1383	PRJNA431102	SAMN10141379
Borreliella valaisiana		strain: Am501	62088	ASM3043640v2	GCF_030436405.2	RefSeq	GCF_030436405.2-RS_2025_03_29	Complete Genome	914593	1379492	2025-02-28	1440	PRJNA431102	SAMN10141386
Borreliella spielmanii		strain: Pmew	88916	ASM3043644v2	GCF_030436445.2	RefSeq	GCF_030436445.2-RS_2026_03_06	Complete Genome	902672	1393918	2025-02-27	1414	PRJNA431102	SAMN10141378
Borreliella valaisiana		strain: 100B40	62088	ASM3043703v2	GCF_030437035.2	RefSeq	GCF_030437035.2-RS_2025_03_29	Complete Genome	915319	1215726	2025-02-28	1208	PRJNA431102	SAMN10141385
Borreliella lanei		strain: CA-28-91	373540	ASM3043770v2	GCF_030437705.2	RefSeq	GCF_030437705.2-RS_2026_03_08	Complete Genome	907274	1202123	2025-02-27	1210	PRJNA431102	SAMN10141376
Borreliella kurtenbachii		strain: 25015	1196056	ASM3043794v2	GCF_030437945.2	RefSeq	GCF_030437945.2-RS_2026_03_06	Complete Genome	901026	1345655	2025-02-27	1386	PRJNA431102	SAMN10141375
Borreliella japonica		strain: Miyazaki2E	34095	ASM3043811v2	GCF_030438115.2	RefSeq	GCF_030438115.2-RS_2026_03_08	Complete Genome	907874	1444705	2025-02-27	1521	PRJNA431102	SAMN10141374
Borreliella japonica		strain: H014	34095	ASM3043827v2	GCF_030438275.2	RefSeq	GCF_030438275.2-RS_2026_03_06	Complete Genome	902824	1443287	2025-02-27	1509	PRJNA431102	SAMN10141373
Borreliella finlandensis		strain: Z11	498741	ASM3043836v2	GCF_030438365.2	RefSeq	GCF_030438365.2-RS_2026_03_08	Complete Genome	902601	1177340	2025-02-27	1152	PRJNA431102	SAMN10141372
Borreliella californiensis		strain: CA443	373543	ASM3043847v2	GCF_030438475.2	RefSeq	GCF_030438475.2-RS_2026_03_06	Complete Genome	902651	1313581	2025-02-27	1357	PRJNA431102	SAMN10141370
Borreliella turdi		strain: Ya501	57863	ASM3043928v2	GCF_030439285.2	RefSeq	GCF_030439285.2-RS_2026_03_08	Complete Genome	908244	1270789	2025-02-28	1251	PRJNA431102	SAMN10141384
Borreliella turdi		strain: 047-3	57863	ASM3043929v2	GCF_030439295.2	RefSeq	GCF_030439295.2-RS_2026_03_08	Complete Genome	908728	1326276	2025-02-28	1330	PRJNA431102	SAMN10141383
Borreliella burgdorferi	Lyme disease spirochete	strain: Am293	139	ASM3043960v2	GCF_030439605.1	RefSeq	GCF_030439605.1-RS_2025_03_16	Complete Genome	910655	1427020	2025-02-21	1460	PRJNA431102	SAMN10141357
Borreliella burgdorferi	Lyme disease spirochete	strain: NE_5267	139	ASM3043962v2	GCF_030439625.1	RefSeq	GCF_030439625.1-RS_2025_03_16	Complete Genome	910422	1334527	2025-02-21	1364	PRJNA431102	SAMN10141366
Borreliella burgdorferi	Lyme disease spirochete	strain: 80a	139	ASM3043966v2	GCF_030439665.1	RefSeq	GCF_030439665.1-RS_2025_05_18	Complete Genome	902811	1348614	2025-02-14	1380	PRJNA431102	SAMN10141361
Borreliella tanukii		strain: TanegashimaAS9	56146	ASM3043970v2	GCF_030439705.2	RefSeq	GCF_030439705.2-RS_2025_04_28	Complete Genome	913310	1360630	2025-02-28	1415	PRJNA431102	SAMN10141381
Borreliella tanukii		strain: Koshiki4E	56146	ASM3043972v2	GCF_030439725.2	RefSeq	GCF_030439725.2-RS_2026_03_08	Complete Genome	913104	1306049	2025-02-27	1311	PRJNA431102	SAMN10141380
Borreliella tanukii		strain: TanegashimaAS13	56146	ASM3043974v2	GCF_030439745.2	RefSeq	GCF_030439745.2-RS_2026_03_06	Complete Genome	911100	1222153	2025-02-27	1202	PRJNA431102	SAMN10141382
Borreliella bissettiae		strain: Pgeb	64897	ASM3043977v2	GCF_030439775.2	RefSeq	GCF_030439775.2-RS_2026_03_06	Complete Genome	901242	1367105	2025-02-14	1418	PRJNA431102	SAMN10141355
Borreliella carolinensis		strain: SCGT-18	478174	ASM3044031v3	GCF_030440315.3	RefSeq	GCF_030440315.3-RS_2025_03_08	Complete Genome	901361	1425676	2025-02-27	1476	PRJNA431102	SAMN10141371
Borreliella burgdorferi	Lyme disease spirochete	strain: Sh-2-82	139	ASM3044034v2	GCF_030440345.1	RefSeq	GCF_030440345.1-RS_2025_03_16	Complete Genome	907764	1488607	2025-02-27	1538	PRJNA431102	SAMN10141368
Borreliella lusitaniae		strain: PotiB2	100177	ASM3044036v2	GCF_030440365.2	RefSeq	GCF_030440365.2-RS_2026_03_06	Complete Genome	903614	1202374	2025-02-27	1211	PRJNA431102	SAMN10141377
Borreliella burgdorferi	Lyme disease spirochete	strain: Am388	139	ASM3044498v1	GCF_030444985.1	RefSeq	GCF_030444985.1-RS_2025_04_24	Complete Genome	910563	1007632	2023-07-12	968	PRJNA431102	SAMN10141359
Borreliella burgdorferi	Lyme disease spirochete	strain: NE_5261	139	ASM3044500v2	GCF_030445005.1	RefSeq	GCF_030445005.1-RS_2025_03_16	Complete Genome	910422	1338374	2025-02-14	1366	PRJNA431102	SAMN10141365
Borreliella burgdorferi	Lyme disease spirochete	strain: NE_5248	139	ASM3044502v2	GCF_030445025.1	RefSeq	GCF_030445025.1-RS_2025_04_07	Complete Genome	910663	1306550	2025-02-14	1328	PRJNA431102	SAMN10141364
Borreliella burgdorferi	Lyme disease spirochete	strain: Am315	139	ASM3044506v2	GCF_030445065.1	RefSeq	GCF_030445065.1-RS_2025_03_16	Complete Genome	910229	1501792	2025-02-21	1537	PRJNA431102	SAMN10141358
Borreliella burgdorferi	Lyme disease spirochete	strain: 21T 0066	139	ASM3055499v1	GCF_030554995.1	RefSeq	GCF_030554995.1-RS_2025_08_06	Contig	894843	1223151	2023-07-31	1240	PRJNA998043	SAMN36696991
Borreliella burgdorferi	Lyme disease spirochete	strain: 22T 0109	139	ASM3055501v1	GCF_030555015.1	RefSeq	GCF_030555015.1-RS_2025_12_21	Contig	164193	1234772	2023-07-31	1290	PRJNA998043	SAMN36696993
Borreliella burgdorferi	Lyme disease spirochete	strain: 22T 0045	139	ASM3055503v1	GCF_030555035.1	RefSeq	GCF_030555035.1-RS_2025_12_21	Contig	213028	1249516	2023-07-31	1302	PRJNA998043	SAMN36696992
Borreliella valaisiana		strain: 89B13	62088	ASM3070835v1	GCF_030708355.1	RefSeq	GCF_030708355.1-RS_2025_08_10	Complete Genome	912938	1231048	2023-08-10	1207	PRJNA327303	SAMN05328504
Borreliella burgdorferi	Lyme disease spirochete	strain: Fr93	139	ASM3259537v2	GCF_032595375.1	RefSeq	GCF_032595375.1-RS_2025_05_18	Complete Genome	909591	1284628	2025-02-14	1318	PRJNA431102	SAMN10141363
Borreliella burgdorferi	Lyme disease spirochete	strain: Bol29	139	ASM3259551v2	GCF_032595515.1	RefSeq	GCF_032595515.1-RS_2025_04_07	Chromosome	141299	1279652	2025-02-14	1296	PRJNA431102	SAMN10141362
Borreliella burgdorferi	Lyme disease spirochete	strain: SCW_9	139	ASM3259553v1	GCF_032595535.1	RefSeq	GCF_032595535.1-RS_2025_04_24	Chromosome	115656	1005759	2023-10-12	960	PRJNA431102	SAMN10141367
Borreliella burgdorferi	Lyme disease spirochete	strain: Z9	139	ASM3259575v2	GCF_032595755.1	RefSeq	GCF_032595755.1-RS_2025_03_31	Chromosome	51869	1257893	2025-02-27	1255	PRJNA431102	SAMN10141369
Borreliella americana		strain: SCW30h	478807	ASM3259579v2	GCF_032595795.2	RefSeq	GCF_032595795.2-RS_2025_03_29	Complete Genome	903926	1162058	2025-02-14	1118	PRJNA431102	SAMN10141353
Borreliella carolinensis		strain: MI-3	478174	ASM3259585v2	GCF_032595855.2	RefSeq	GCF_032595855.2-RS_2026_03_08	Complete Genome	901946	1322951	2025-02-27	1357	PRJNA431102	SAMN34060374
Borreliella andersonii		strain: 21038	42109	ASM3259587v2	GCF_032595875.2	RefSeq	GCF_032595875.2-RS_2025_03_29	Complete Genome	902021	1228260	2025-02-14	1236	PRJNA431102	SAMN34060371
Borreliella lusitaniae		strain: PoHL-1	100177	ASM3259589v2	GCF_032595895.2	RefSeq	GCF_032595895.2-RS_2026_03_06	Complete Genome	903092	1115561	2025-02-27	1093	PRJNA431102	SAMN34060369
Borreliella lusitaniae		strain: PotiB3	100177	ASM3259595v2	GCF_032595955.2	RefSeq	GCF_032595955.2-RS_2026_03_08	Complete Genome	903383	1171508	2025-02-27	1174	PRJNA431102	SAMN34060368
Borreliella andersonii		strain: MOD-5	42109	ASM3259597v2	GCF_032595975.2	RefSeq	GCF_032595975.2-RS_2026_03_06	Complete Genome	901189	1241292	2025-02-21	1255	PRJNA431102	SAMN34060372
Borreliella garinii		strain: FNG-2Z14	29519	ASM3260353v1	GCF_032603535.1	RefSeq	GCF_032603535.1-RS_2025_12_05	Chromosome	222739	1089716	2023-10-13	1063	PRJNA327303	SAMN32860464
Borreliella garinii		strain: 17-54Z3	29519	ASM3260480v2	GCF_032604805.2	RefSeq	GCF_032604805.2-RS_2026_01_14	Chromosome	239915	1097798	2025-12-30	1075	PRJNA327303	SAMN32860465
Borreliella garinii		strain: FNG-1Z4	29519	ASM3260575v1	GCF_032605755.1	RefSeq	GCF_032605755.1-RS_2024_11_19	Chromosome	436200	1084283	2023-10-13	1025	PRJNA327303	SAMN32860466
Borreliella garinii		strain: NG-Z6	29519	ASM3260679v1	GCF_032606795.1	RefSeq	GCF_032606795.1-RS_2026_01_23	Chromosome	686856	1071420	2023-10-13	1045	PRJNA327303	SAMN32860467
Borreliella garinii		strain: FNG-1Z1	29519	ASM3260761v1	GCF_032607615.1	RefSeq	GCF_032607615.1-RS_2025_12_14	Chromosome	437390	1127759	2023-10-13	1097	PRJNA327303	SAMN32860461
Borreliella garinii		strain: 17-59N1	29519	ASM3260843v1	GCF_032608435.1	RefSeq	GCF_032608435.1-RS_2025_12_14	Chromosome	223107	1125572	2023-10-13	1095	PRJNA327303	SAMN32860463
Borreliella garinii		strain: 17-56Z1	29519	ASM3260923v1	GCF_032609235.1	RefSeq	GCF_032609235.1-RS_2025_12_14	Chromosome	436530	1128935	2023-10-13	1100	PRJNA327303	SAMN32860460
Borreliella garinii		strain: 17-58N4	29519	ASM3261003v1	GCF_032610035.1	RefSeq	GCF_032610035.1-RS_2025_12_14	Chromosome	223067	1127107	2023-10-13	1099	PRJNA327303	SAMN32860462
Borreliella garinii		strain: 17-29Z1	29519	ASM3261067v1	GCF_032610675.1	RefSeq	GCF_032610675.1-RS_2026_01_06	Chromosome	241440	1126679	2023-10-13	1095	PRJNA327303	SAMN32860459
Borreliella sinica		strain: CMN3	87162	ASM3396966v2	GCF_033969665.2	RefSeq	GCF_033969665.2-RS_2026_03_08	Complete Genome	902863	1225378	2025-02-27	1248	PRJNA431102	SAMN34060373
Borreliella garinii		strain: 17-63N1	29519	ASM3534187v1	GCF_035341875.1	RefSeq	GCF_035341875.1-RS_2026_01_11	Chromosome	903547	1192994	2024-01-09	1190	PRJNA327303	SAMN32949868
Borreliella valaisiana		strain: 100B40	62088	ASM3635211v1	GCF_036352115.1	RefSeq	GCF_036352115.1-RS_2026_02_04	Complete Genome	915327	1233452	2024-02-04	1230	PRJNA327303	SAMN05328503
Borreliella burgdorferi 297		strain: 297	521009	ASM3880187v1	GCF_038801875.1	RefSeq	GCF_038801875.1-RS_2025_04_24	Complete Genome	919990	946504	2025-04-24	888	PRJNA1103828	SAMN41059325
Borreliella burgdorferi	Lyme disease spirochete	strain: MBC076	139	ASM4026834v1	GCF_040268345.1	RefSeq	GCF_040268345.1-RS_2025_04_24	Complete Genome	906733	906733	2025-04-24	855	PRJNA1124840	SAMN41863595
Borreliella garinii		strain: CIP 103362	29519	ASM4073296v1	GCF_040732965.1	RefSeq	GCF_040732965.1-RS_2024_07_17	Complete Genome	905581	905581	2024-07-17	857	PRJNA1132127	SAMN42329591
Borreliella afzelii		strain: BO23	29518	ASM4079068v1	GCF_040790685.1	RefSeq	GCF_040790685.1-RS_2024_09_06	Complete Genome	903339	1248765	2024-09-06	1247	PRJNA1130942	SAMN42233988
Borreliella garinii		strain: CIP103362	29519	ASM4079070v1	GCF_040790705.1	RefSeq	GCF_040790705.1-RS_2024_07_22	Complete Genome	903064	1198954	2024-07-22	1190	PRJNA1130942	SAMN42233987
Borreliella burgdorferi	Lyme disease spirochete	strain: GMT-0122	139	ASM4079071v1	GCF_040790715.1	RefSeq	GCF_040790715.1-RS_2024_07_21	Complete Genome	908738	1289159	2024-07-22	1278	PRJNA1130942	SAMN42233980
Borreliella kurtenbachii		strain: 25015	1196056	ASM4079072v1	GCF_040790725.1	RefSeq	GCF_040790725.1-RS_2024_07_22	Complete Genome	897798	1248482	2024-07-22	1259	PRJNA1130942	SAMN42233986
Borreliella burgdorferi	Lyme disease spirochete	strain: Bb16-183	139	ASM4079073v1	GCF_040790735.1	RefSeq	GCF_040790735.1-RS_2024_07_22	Complete Genome	909471	1391486	2024-07-22	1420	PRJNA1130942	SAMN42233985
Borreliella burgdorferi	Lyme disease spirochete	strain: Bb16-150	139	ASM4079074v1	GCF_040790745.1	RefSeq	GCF_040790745.1-RS_2024_07_22	Complete Genome	902797	1371468	2024-07-22	1380	PRJNA1130942	SAMN42233984
Borreliella burgdorferi	Lyme disease spirochete	strain: Bb16-134	139	ASM4079075v1	GCF_040790755.1	RefSeq	GCF_040790755.1-RS_2024_07_21	Complete Genome	902698	1321156	2024-07-22	1334	PRJNA1130942	SAMN42233983
Borreliella burgdorferi	Lyme disease spirochete	strain: Bb16-23-2	139	ASM4079076v1	GCF_040790765.1	RefSeq	GCF_040790765.1-RS_2024_07_22	Complete Genome	910079	1397896	2024-07-22	1427	PRJNA1130942	SAMN42233982
Borreliella burgdorferi	Lyme disease spirochete	strain: P1286	139	ASM4079077v1	GCF_040790775.1	RefSeq	GCF_040790775.1-RS_2024_07_22	Complete Genome	907632	1417953	2024-07-22	1432	PRJNA1130942	SAMN42233978
Borreliella burgdorferi	Lyme disease spirochete	strain: Bb16-15-2	139	ASM4079078v1	GCF_040790785.1	RefSeq	GCF_040790785.1-RS_2024_07_22	Complete Genome	910048	1383845	2024-07-22	1413	PRJNA1130942	SAMN42233981
Borreliella burgdorferi 297		strain: 297	521009	ASM4079079v1	GCF_040790795.1	RefSeq	GCF_040790795.1-RS_2024_07_22	Complete Genome	916773	1325608	2024-07-22	1312	PRJNA1130942	SAMN42233979
Borreliella burgdorferi	Lyme disease spirochete	strain: B31	139	ASM4079080v1	GCF_040790805.1	RefSeq	GCF_040790805.1-RS_2024_07_22	Complete Genome	907880	1216633	2024-07-22	1223	PRJNA1130942	SAMN42233977
Borreliella burgdorferi	Lyme disease spirochete	strain: PFhe_I	139	PFhe_I_PB_Ill_cons	GCF_040819585.1	RefSeq	GCF_040819585.1-RS_2024_07_24	Complete Genome	910259	1341511	2024-07-24	1360	PRJNA270494	SAMN03269138
Borreliella afzelii PKo		strain: PKo	390236	ASM4101487v1	GCF_041014875.1	RefSeq	GCF_041014875.1-RS_2024_08_03	Chromosome	512166	905384	2024-08-03	858	PRJNA1132068	SAMN42329582
Borreliella burgdorferi	Lyme disease spirochete	strain: 217_5	139	ASM4494162v1	GCF_044941625.1	RefSeq	GCF_044941625.1-RS_2025_04_28	Chromosome	207104	1006900	2023-10-12	953	PRJNA431102	SAMN10141360
Borreliella kurtenbachii		strain: DSM 26572	1196056	ASM5043336v1	GCF_050433365.1	RefSeq	GCF_050433365.1-RS_2025_05_20	Scaffold	213219	1320249	2025-05-19	1330	PRJNA632133	SAMN14908437
Borreliella burgdorferi	Lyme disease spirochete	strain: CA92-1096	139	ASM5105428v1	GCF_051054285.1	RefSeq	GCF_051054285.1-RS_2025_06_26	Chromosome	213167	1210138	2025-06-27	1191	PRJNA1040227	SAMN39418858
Borreliella burgdorferi	Lyme disease spirochete	strain: MN16-2300	139	ASM5105430v1	GCF_051054305.1	RefSeq	GCF_051054305.1-RS_2025_06_26	Chromosome	221114	1186770	2025-06-27	1162	PRJNA1040227	SAMN39418854
Borreliella burgdorferi	Lyme disease spirochete	strain: 64b	139	ASM5105434v1	GCF_051054345.1	RefSeq	GCF_051054345.1-RS_2025_06_26	Chromosome	104806	1103977	2025-06-27	1078	PRJNA1040227	SAMN39418859
Borreliella burgdorferi	Lyme disease spirochete	strain: 72a	139	ASM5105435v1	GCF_051054355.1	RefSeq	GCF_051054355.1-RS_2025_06_26	Chromosome	213298	1182642	2025-06-27	1165	PRJNA1040227	SAMN39418860
Borreliella burgdorferi	Lyme disease spirochete	strain: BL131	139	ASM5105440v1	GCF_051054405.1	RefSeq	GCF_051054405.1-RS_2025_06_26	Chromosome	213310	1100776	2025-06-27	1066	PRJNA1040227	SAMN39418861
Borreliella burgdorferi	Lyme disease spirochete	strain: B143	139	ASM5105447v1	GCF_051054475.1	RefSeq	GCF_051054475.1-RS_2025_06_26	Chromosome	221845	1111913	2025-06-27	1083	PRJNA1040227	SAMN39418862
Borreliella burgdorferi	Lyme disease spirochete	strain: B156	139	ASM5105448v1	GCF_051054485.1	RefSeq	GCF_051054485.1-RS_2025_06_26	Chromosome	221387	1129350	2025-06-27	1106	PRJNA1040227	SAMN39418863
Borreliella burgdorferi	Lyme disease spirochete	strain: B240	139	ASM5105485v1	GCF_051054855.1	RefSeq	GCF_051054855.1-RS_2025_06_26	Chromosome	112435	1136583	2025-06-27	1128	PRJNA1040227	SAMN39418864
Borreliella burgdorferi	Lyme disease spirochete	strain: MC77	139	ASM5114582v1	GCF_051145825.1	RefSeq	GCF_051145825.1-RS_2025_06_30	Chromosome	403333	1253869	2025-06-25	1270	PRJNA1040227	SAMN39418855
Borreliella burgdorferi	Lyme disease spirochete	strain: 3030203115	139	ASM5114726v1	GCF_051147265.1	RefSeq	GCF_051147265.1-RS_2025_06_30	Chromosome	213367	1256191	2025-06-25	1273	PRJNA1040227	SAMN39418857
Candidatus Borreliella tachyglossi		strain: G246	1964448	CSIRO_Bt_1.0	GCF_052660525.1	RefSeq	GCF_052660525.1-RS_2025_09_17	Complete Genome	950857	1211844	2025-09-17	1176		SAMN46796390
Borreliella burgdorferi	Lyme disease spirochete	strain: Bb16 57	139	ASM5422942v1	GCF_054229425.1	RefSeq	GCF_054229425.1-RS_2026_01_15	Complete Genome	907757	1276086	2025-12-30	1277	PRJNA1293716	SAMN50032595
Borreliella burgdorferi	Lyme disease spirochete	strain: Bb16 49	139	ASM5422944v1	GCF_054229445.1	RefSeq	GCF_054229445.1-RS_2026_01_15	Complete Genome	910023	1285223	2025-12-30	1284	PRJNA1293716	SAMN50032593
Borreliella burgdorferi	Lyme disease spirochete	strain: Bb16 47	139	ASM5422945v1	GCF_054229455.1	RefSeq	GCF_054229455.1-RS_2026_01_15	Complete Genome	910705	1250051	2025-12-30	1215	PRJNA1293716	SAMN50032594
Borreliella burgdorferi	Lyme disease spirochete	strain: Bb16 33	139	ASM5422948v1	GCF_054229485.1	RefSeq	GCF_054229485.1-RS_2026_01_15	Complete Genome	903007	1223543	2025-12-30	1198	PRJNA1293716	SAMN50032592
Borreliella burgdorferi	Lyme disease spirochete	strain: Bb16 22	139	ASM5422950v1	GCF_054229505.1	RefSeq	GCF_054229505.1-RS_2026_01_15	Complete Genome	910194	1272859	2025-12-30	1260	PRJNA1293716	SAMN50032591
Borreliella burgdorferi	Lyme disease spirochete	strain: Bb16 134	139	ASM5422951v1	GCF_054229515.1	RefSeq	GCF_054229515.1-RS_2026_01_18	Complete Genome	902780	1275916	2025-12-30	1275	PRJNA1293716	SAMN50032590
Borreliella burgdorferi	Lyme disease spirochete	strain: Bb16 133	139	ASM5422954v1	GCF_054229545.1	RefSeq	GCF_054229545.1-RS_2026_01_15	Complete Genome	902780	1256668	2025-12-30	1245	PRJNA1293716	SAMN50032589
Borreliella burgdorferi	Lyme disease spirochete	strain: Bb16 131	139	ASM5422956v1	GCF_054229565.1	RefSeq	GCF_054229565.1-RS_2026_01_18	Complete Genome	902779	1219337	2025-12-30	1216	PRJNA1293716	SAMN50032588
Borreliella burgdorferi	Lyme disease spirochete	strain: Bb16 122	139	ASM5422957v1	GCF_054229575.1	RefSeq	GCF_054229575.1-RS_2026_01_15	Complete Genome	910514	1269570	2025-12-30	1248	PRJNA1293716	SAMN50032587
Borreliella japonica		strain: ATCC 51557	34095	IMG-taxon 2597490341 annotated assembly	GCF_900099615.1	RefSeq	GCF_900099615.1-RS_2026_02_02	Scaffold	221163	1184862	2016-10-13	1189	PRJEB15958	SAMN02983004
Borreliella afzelii		isolate: BA_1	29518	IFOBA1	GCF_964213215.1	RefSeq	GCF_964213215.1-RS_2025_04_08	Scaffold	213154	1395101	2024-09-05	1481	PRJEB78704	SAMEA115904560
Borreliella afzelii		isolate: BA_5	29518	IFOBA5	GCF_964213235.1	RefSeq	GCF_964213235.1-RS_2025_04_08	Scaffold	213337	1401768	2024-09-05	1458	PRJEB78704	SAMEA115904563
Borreliella afzelii		isolate: BA_6	29518	IFOBA6	GCF_964213245.1	RefSeq	GCF_964213245.1-RS_2025_04_08	Scaffold	222505	1362447	2024-09-05	1434	PRJEB78704	SAMEA115904564
Borreliella afzelii		isolate: BA_2	29518	IFOBA2	GCF_964213275.1	RefSeq	GCF_964213275.1-RS_2025_04_08	Scaffold	222811	1364888	2024-09-05	1420	PRJEB78704	SAMEA115904561
Borreliella afzelii		isolate: BA_7	29518	IFOBA7	GCF_964213285.1	RefSeq	GCF_964213285.1-RS_2025_04_08	Scaffold	213312	1428946	2024-09-05	1549	PRJEB78704	SAMEA115904565
Borreliella garinii		isolate: BG_13	29519	IFOBG13	GCF_964213295.1	RefSeq	GCF_964213295.1-RS_2025_09_10	Scaffold	271524	1297022	2024-09-05	1351	PRJEB78704	SAMEA115904570
Borreliella garinii		isolate: BG_10	29519	IFOBG10	GCF_964213325.1	RefSeq	GCF_964213325.1-RS_2025_09_10	Scaffold	271530	1329339	2024-09-05	1387	PRJEB78704	SAMEA115904568
Borreliella garinii		isolate: BG_13	29519	BABEL_BG_13_ASSEMBLY	GCF_965177845.1	RefSeq	GCF_965177845.1-RS_2025_03_12	Contig	212930	1258357	2025-03-03	1293	PRJEB86142	SAMEA117759223
Borreliella garinii		isolate: BG_14	29519	BABEL_BG_14_ASSEMBLY	GCF_965177855.1	RefSeq	GCF_965177855.1-RS_2025_03_12	Contig	212912	1233059	2025-03-03	1252	PRJEB86142	SAMEA117759224
Borreliella afzelii		isolate: BA_8	29518	BABEL_BA_8_ASSEMBLY	GCF_965177865.1	RefSeq	GCF_965177865.1-RS_2025_03_12	Contig	212909	1273974	2025-03-03	1289	PRJEB86142	SAMEA117759219
Borreliella garinii		isolate: BG_9	29519	BABEL_BG_9_ASSEMBLY	GCF_965177875.1	RefSeq	GCF_965177875.1-RS_2025_03_12	Contig	212971	1227976	2025-03-03	1243	PRJEB86142	SAMEA117759220
Borreliella garinii		isolate: BG_10	29519	BABEL_BG_10_ASSEMBLY	GCF_965177885.1	RefSeq	GCF_965177885.1-RS_2025_03_12	Contig	212933	1288738	2025-03-03	1328	PRJEB86142	SAMEA117759221
Borreliella afzelii		isolate: BA_4	29518	BABEL_BA_4_ASSEMBLY	GCF_965177895.1	RefSeq	GCF_965177895.1-RS_2025_03_12	Contig	213084	1267626	2025-03-03	1300	PRJEB86142	SAMEA117759215
Borreliella afzelii		isolate: BA_1	29518	BABEL_BA_1_ASSEMBLY	GCF_965177905.1	RefSeq	GCF_965177905.1-RS_2025_03_12	Contig	222361	1280385	2025-03-03	1326	PRJEB86142	SAMEA117759213
Borreliella afzelii		isolate: BA_5	29518	BABEL_BA_5_ASSEMBLY	GCF_965177915.1	RefSeq	GCF_965177915.1-RS_2025_03_12	Contig	143510	1266481	2025-03-03	1294	PRJEB86142	SAMEA117759216
Borreliella afzelii		isolate: BA_6	29518	BABEL_BA_6_ASSEMBLY	GCF_965177925.1	RefSeq	GCF_965177925.1-RS_2025_03_12	Contig	346402	1273146	2025-03-03	1303	PRJEB86142	SAMEA117759217
Borreliella garinii		isolate: BG_11	29519	BABEL_BG_11_ASSEMBLY	GCF_965177935.1	RefSeq	GCF_965177935.1-RS_2025_03_12	Contig	212958	1217853	2025-03-03	1230	PRJEB86142	SAMEA117759222
Borreliella afzelii		isolate: BA_2	29518	BABEL_BA_2_ASSEMBLY	GCF_965177945.1	RefSeq	GCF_965177945.1-RS_2025_03_12	Contig	212854	1297549	2025-03-03	1327	PRJEB86142	SAMEA117759214
Borreliella afzelii		isolate: BA_7	29518	BABEL_BA_7_ASSEMBLY	GCF_965177955.1	RefSeq	GCF_965177955.1-RS_2025_03_12	Contig	212796	1332565	2025-03-03	1403	PRJEB86142	SAMEA117759218
Borreliella lusitaniae		isolate: tick_7-1	100177	IMI_tick-7-1	GCF_965246865.1	RefSeq	GCF_965246865.1-RS_2025_04_19	Complete Genome	902970	1179931	2025-04-20	1169	PRJEB77529	SAMEA115832218
Borreliella burgdorferi	Lyme disease spirochete	isolate: UNY186, strain: B418	139	B418P_ann_v1	GCF_979085995.1	RefSeq	GCF_979085995.1-RS_2026_02_13	Complete Genome	902773	1376853	2026-02-14	1391		SAMN50685797
Borreliella burgdorferi	Lyme disease spirochete	isolate: K69, strain: K69	139	UCT109H_ann_v1	GCF_979086045.1	RefSeq	GCF_979086045.1-RS_2026_02_24	Chromosome	910570	1476377	2026-02-11	1518	PRJNA548188	SAMN12009644
Borreliella burgdorferi	Lyme disease spirochete	isolate: K70, strain: K70	139	UCT110H_ann_v1	GCF_979086085.1	RefSeq	GCF_979086085.1-RS_2026_02_24	Chromosome	906810	1417187	2026-02-11	1466	PRJNA548188	SAMN12009645
Borreliella burgdorferi	Lyme disease spirochete	isolate: K10, strain: K10	139	UCT31H_ann_v1	GCF_979086135.1	RefSeq	GCF_979086135.1-RS_2026_02_24	Chromosome	910624	1531745	2026-02-11	1591	PRJNA548188	SAMN12009585
Borreliella burgdorferi	Lyme disease spirochete	isolate: K21, strain: K21	139	UCT50H_ann_v1	GCF_979086145.1	RefSeq	GCF_979086145.1-RS_2026_02_24	Chromosome	902761	1341231	2026-02-11	1393	PRJNA548188	SAMN12009596
Borreliella burgdorferi	Lyme disease spirochete	isolate: K24, strain: K24	139	UCT35H_ann_v1	GCF_979086155.1	RefSeq	GCF_979086155.1-RS_2026_02_24	Chromosome	910022	1350407	2026-02-11	1378	PRJNA548188	SAMN12009599
Borreliella burgdorferi	Lyme disease spirochete	isolate: UNY1032, strain: BL206	139	UNY1032P_ann_v1	GCF_979086165.1	RefSeq	GCF_979086165.1-RS_2026_02_17	Complete Genome	910572	1459435	2026-02-17	1489		SAMN50671267
Borreliella burgdorferi	Lyme disease spirochete	isolate: UNY1083, strain: BL515	139	UNY1083P_ann_v1	GCF_979086175.1	RefSeq	GCF_979086175.1-RS_2026_02_24	Chromosome	923130	1494188	2026-02-11	1544	PRJNA548188	SAMN50671269
Borreliella burgdorferi	Lyme disease spirochete	isolate: UNY1038, strain: BL224	139	UNY1038P_ann_v1	GCF_979086195.1	RefSeq	GCF_979086195.1-RS_2026_02_17	Complete Genome	915733	1403595	2026-02-17	1421		SAMN50671268
Borreliella burgdorferi	Lyme disease spirochete	isolate: UNY1090, strain: BL546	139	UNY1090P_ann_v1	GCF_979086205.1	RefSeq	GCF_979086205.1-RS_2026_02_24	Chromosome	912713	1413250	2026-02-11	1442	PRJNA548188	SAMN50671271
Borreliella burgdorferi	Lyme disease spirochete	isolate: UNY193, strain: B477	139	UNY193P_ann_v1	GCF_979086255.1	RefSeq	GCF_979086255.1-RS_2026_02_13	Complete Genome	910086	1403883	2026-02-14	1429		SAMN50671276
Borreliella burgdorferi	Lyme disease spirochete	isolate: UNY149, strain: B247	139	UNY149P_ann_v1	GCF_979086265.1	RefSeq	GCF_979086265.1-RS_2026_02_13	Complete Genome	915733	1427032	2026-02-14	1454		SAMN50671273
Borreliella burgdorferi	Lyme disease spirochete	isolate: UNY990, strain: B483	139	UNY990P_ann_v1	GCF_979086275.1	RefSeq	GCF_979086275.1-RS_2026_02_13	Complete Genome	902813	1367194	2026-02-14	1368		SAMN50671279
Borreliella burgdorferi	Lyme disease spirochete	isolate: UNY172, strain: B356	139	UNY172P_ann_v1	GCF_979086285.1	RefSeq	GCF_979086285.1-RS_2026_02_13	Complete Genome	903384	1352494	2026-02-14	1355		SAMN50671275
Borreliella burgdorferi	Lyme disease spirochete	isolate: K57, strain: K57	139	URI101H_ann_v1	GCF_979086295.1	RefSeq	GCF_979086295.1-RS_2026_02_24	Chromosome	910549	1554475	2026-02-11	1595	PRJNA548188	SAMN12009632
Borreliella burgdorferi	Lyme disease spirochete	isolate: K58, strain: K58	139	URI102H_ann_v1	GCF_979086305.1	RefSeq	GCF_979086305.1-RS_2026_02_24	Chromosome	910559	1442774	2026-02-11	1488	PRJNA548188	SAMN12009633
Borreliella burgdorferi	Lyme disease spirochete	isolate: K59, strain: K59	139	URI103H_ann_v1	GCF_979086315.1	RefSeq	GCF_979086315.1-RS_2026_02_24	Chromosome	921058	1474413	2026-02-11	1528	PRJNA548188	SAMN12009634
Borreliella burgdorferi	Lyme disease spirochete	isolate: K74, strain: K74	139	URI111H_ann_v1	GCF_979086355.1	RefSeq	GCF_979086355.1-RS_2026_02_24	Chromosome	910611	1539609	2026-02-11	1592	PRJNA548188	SAMN12009649
Borreliella burgdorferi	Lyme disease spirochete	isolate: K86, strain: K86	139	URI120H_ann_v1	GCF_979086375.1	RefSeq	GCF_979086375.1-RS_2026_02_24	Chromosome	910720	1576195	2026-02-11	1673	PRJNA548188	SAMN12009661
Borreliella burgdorferi	Lyme disease spirochete	isolate: K16, strain: K16	139	URI33H_ann_v1	GCF_979086385.1	RefSeq	GCF_979086385.1-RS_2026_02_23	Chromosome	902844	1353948	2026-02-11	1365	PRJNA548188	SAMN12009591
Borreliella burgdorferi	Lyme disease spirochete	isolate: K83, strain: K83	139	URI118H_ann_v1	GCF_979086395.1	RefSeq	GCF_979086395.1-RS_2026_02_23	Chromosome	920957	1380118	2026-02-11	1431	PRJNA548188	SAMN12009658
Borreliella burgdorferi	Lyme disease spirochete	isolate: K25, strain: K25	139	URI36H_ann_v1	GCF_979086405.1	RefSeq	GCF_979086405.1-RS_2026_02_24	Chromosome	927732	1482383	2026-02-11	1521	PRJNA548188	SAMN12009600
Borreliella burgdorferi	Lyme disease spirochete	isolate: K22, strain: K22	139	URI34H_ann_v1	GCF_979086415.1	RefSeq	GCF_979086415.1-RS_2026_02_23	Chromosome	910082	1376021	2026-02-11	1424	PRJNA548188	SAMN12009597
Borreliella burgdorferi	Lyme disease spirochete	isolate: K2, strain: K2	139	URI39H_ann_v1	GCF_979086425.1	RefSeq	GCF_979086425.1-RS_2026_02_24	Chromosome	920673	1557202	2026-02-11	1622	PRJNA548188	SAMN12009577
Borreliella burgdorferi	Lyme disease spirochete	isolate: K19, strain: K19	139	URI48H_ann_v1	GCF_979086465.1	RefSeq	GCF_979086465.1-RS_2026_02_24	Chromosome	902776	1377993	2026-02-11	1394	PRJNA548188	SAMN12009594
Borreliella burgdorferi	Lyme disease spirochete	isolate: K3, strain: K3	139	URI40H_ann_v1	GCF_979086475.1	RefSeq	GCF_979086475.1-RS_2026_02_23	Chromosome	910602	1509727	2026-02-11	1586	PRJNA548188	SAMN12009578
Borreliella burgdorferi	Lyme disease spirochete	isolate: K56, strain: K56	139	URI86H_ann_v1	GCF_979086495.1	RefSeq	GCF_979086495.1-RS_2026_02_24	Chromosome	919077	1406230	2026-02-11	1448	PRJNA548188	SAMN12009631
Borreliella burgdorferi	Lyme disease spirochete	isolate: K6, strain: K6	139	URI41H_ann_v1	GCF_979086505.1	RefSeq	GCF_979086505.1-RS_2026_02_23	Chromosome	914354	1468867	2026-02-11	1548	PRJNA548188	SAMN12009581
Borreliella burgdorferi	Lyme disease spirochete	isolate: K71, strain: K71	139	URI91H_ann_v1	GCF_979086535.1	RefSeq	GCF_979086535.1-RS_2026_02_24	Chromosome	910690	1588266	2026-02-11	1647	PRJNA548188	SAMN12009646
Borreliella burgdorferi	Lyme disease spirochete	isolate: UWI248, strain: MC105	139	UWI248P_ann_v1	GCF_979086585.1	RefSeq	GCF_979086585.1-RS_2026_02_17	Complete Genome	910022	1387586	2026-02-17	1407		SAMN50671281
Borreliella burgdorferi	Lyme disease spirochete	isolate: UWI263, strain: MC123	139	UWI263P_ann_v1	GCF_979086595.1	RefSeq	GCF_979086595.1-RS_2026_02_17	Complete Genome	907926	1409038	2026-02-17	1448		SAMN50671282
Borreliella burgdorferi	Lyme disease spirochete	isolate: UWI283, strain: MC149	139	UWI283P_ann_v1	GCF_979086605.1	RefSeq	GCF_979086605.1-RS_2026_02_17	Complete Genome	903355	1332290	2026-02-17	1337		SAMN50671283
Borreliella burgdorferi	Lyme disease spirochete	isolate: UWI247, strain: MC104	139	UWI247P_ann_v1	GCF_979086635.1	RefSeq	GCF_979086635.1-RS_2026_02_17	Complete Genome	912339	1359286	2026-02-17	1367		SAMN50671280
Borreliella burgdorferi	Lyme disease spirochete	isolate: XYZ459, strain: XD1	139	XYZ459H_ann_v1	GCF_979086655.1	RefSeq	GCF_979086655.1-RS_2026_02_24	Chromosome	903233	1272095	2026-02-11	1267	PRJNA548188	SAMN50671109
Borreliella burgdorferi	Lyme disease spirochete	isolate: ESI26, strain: B1904/13	139	ESI26H_ann_v1	GCF_979087125.1	RefSeq	GCF_979087125.1-RS_2026_02_24	Chromosome	910396	1276481	2026-02-11	1306	PRJNA548188	SAMN50670685
Borreliella burgdorferi	Lyme disease spirochete	isolate: ESI403, strain: B896/13	139	ESI403H_ann_v1	GCF_979087135.1	RefSeq	GCF_979087135.1-RS_2026_02_24	Chromosome	910442	1364813	2026-02-11	1388	PRJNA548188	SAMN50670498
Borreliella burgdorferi	Lyme disease spirochete	isolate: ESI361, strain: B1924/11	139	ESI361H_ann_v1	GCF_979087145.1	RefSeq	GCF_979087145.1-RS_2026_02_18	Complete Genome	909934	1182078	2026-02-18	1181		SAMN50670488
Borreliella burgdorferi	Lyme disease spirochete	isolate: K1, strain: K1	139	UCT29H_ann_v1	GCF_979087185.1	RefSeq	GCF_979087185.1-RS_2026_02_24	Chromosome	910485	1559716	2026-02-11	1616	PRJNA548188	SAMN12009576
Borreliella burgdorferi	Lyme disease spirochete	isolate: K15, strain: K15	139	UCT32H_ann_v1	GCF_979087205.1	RefSeq	GCF_979087205.1-RS_2026_02_24	Chromosome	921072	1501989	2026-02-11	1561	PRJNA548188	SAMN12009590
Borreliella burgdorferi	Lyme disease spirochete	isolate: K72, strain: K72	139	UCT92H_ann_v1	GCF_979087215.1	RefSeq	GCF_979087215.1-RS_2026_02_24	Chromosome	906713	1537760	2026-02-11	1602	PRJNA548188	SAMN12009647
Borreliella burgdorferi	Lyme disease spirochete	isolate: UNY1085, strain: BL522	139	UNY1085P_ann_v1	GCF_979087295.1	RefSeq	GCF_979087295.1-RS_2026_02_18	Complete Genome	903386	1409080	2026-02-18	1411		SAMN50671270
Borreliella burgdorferi	Lyme disease spirochete	isolate: UNY169, strain: B348	139	UNY169P_ann_v1	GCF_979087375.1	RefSeq	GCF_979087375.1-RS_2026_02_18	Complete Genome	902773	1346761	2026-02-18	1359		SAMN50671274
Borreliella burgdorferi	Lyme disease spirochete	isolate: UNY203, strain: MR616	139	UNY203P_ann_v1	GCF_979087385.1	RefSeq	GCF_979087385.1-RS_2026_02_18	Complete Genome	910084	1326072	2026-02-18	1358		SAMN50671277
Borreliella burgdorferi	Lyme disease spirochete	isolate: UNY208, strain: MR641	139	UNY208P_ann_v1	GCF_979087395.1	RefSeq	GCF_979087395.1-RS_2026_02_23	Chromosome	912713	1413253	2026-02-11	1441	PRJNA548188	SAMN50671278
Borreliella burgdorferi	Lyme disease spirochete	isolate: K66, strain: K66	139	URI107H_ann_v1	GCF_979087465.1	RefSeq	GCF_979087465.1-RS_2026_02_23	Chromosome	910570	1505434	2026-02-11	1566	PRJNA548188	SAMN12009641
Borreliella burgdorferi	Lyme disease spirochete	isolate: K12, strain: K12	139	URI44H_ann_v1	GCF_979087535.1	RefSeq	GCF_979087535.1-RS_2026_02_24	Chromosome	921082	1417636	2026-02-11	1443	PRJNA548188	SAMN12009587
Borreliella burgdorferi	Lyme disease spirochete	isolate: K7, strain: K7	139	URI42H_ann_v1	GCF_979087555.1	RefSeq	GCF_979087555.1-RS_2026_02_24	Chromosome	910587	1460998	2026-02-11	1537	PRJNA548188	SAMN12009582
Borreliella burgdorferi	Lyme disease spirochete	isolate: K18, strain: K18	139	URI47H_ann_v1	GCF_979087605.1	RefSeq	GCF_979087605.1-RS_2026_02_23	Chromosome	921203	1512039	2026-02-11	1560	PRJNA548188	SAMN12009593
Borreliella burgdorferi	Lyme disease spirochete	isolate: K62, strain: K62	139	URI88H_ann_v1	GCF_979087625.1	RefSeq	GCF_979087625.1-RS_2026_02_24	Chromosome	906672	1540602	2026-02-11	1576	PRJNA548188	SAMN12009637
Borreliella burgdorferi	Lyme disease spirochete	isolate: K60, strain: K60	139	URI87H_ann_v1	GCF_979087635.1	RefSeq	GCF_979087635.1-RS_2026_02_24	Chromosome	910570	1505755	2026-02-11	1570	PRJNA548188	SAMN12009635
Borreliella burgdorferi	Lyme disease spirochete	isolate: K64, strain: K64	139	URI89H_ann_v1	GCF_979087645.1	RefSeq	GCF_979087645.1-RS_2026_02_24	Chromosome	910720	1553229	2026-02-11	1642	PRJNA548188	SAMN12009639
Borreliella burgdorferi	Lyme disease spirochete	isolate: K73, strain: K73	139	URI93H_ann_v1	GCF_979087685.1	RefSeq	GCF_979087685.1-RS_2026_02_23	Chromosome	910570	1474340	2026-02-11	1504	PRJNA548188	SAMN12009648
